unix_ts,vram_used_mib,vram_total_mib,gtt_used_mib,power_w,temp_c,sclk_mhz
1784036745.8,25601,32624,1700,25.0,63.0,0.0
1784036746.9,25608,32624,1782,148.0,63.0,1706.0
1784036747.9,25626,32624,1778,221.0,65.0,2422.0
1784036749.0,25640,32624,1780,166.0,66.0,2350.0
1784036750.1,25641,32624,1778,224.0,66.0,2266.0
1784036751.2,25664,32624,1780,133.0,66.0,2350.0
1784036752.3,25880,32624,1808,237.0,66.0,2319.0
1784036753.4,25870,32624,1797,220.0,67.0,2210.0
1784036754.6,25856,32624,1784,189.0,67.0,2583.0
1784036755.7,25797,32624,1781,261.0,67.0,2482.0
1784036756.8,25784,32624,1781,219.0,67.0,2350.0
1784036757.9,25774,32624,1815,209.0,67.0,2285.0
1784036759.0,25761,32624,1769,154.0,67.0,2350.0
1784036760.1,25761,32624,1771,207.0,67.0,2350.0
1784036761.2,25701,32624,1785,163.0,67.0,2184.0
1784036762.3,25701,32624,1785,195.0,67.0,2635.0
1784036763.3,25701,32624,1785,216.0,67.0,2295.0
1784036764.4,25633,32624,1773,263.0,67.0,2511.0
1784036765.5,25633,32624,1773,218.0,67.0,2317.0
1784036766.6,25619,32624,1773,187.0,67.0,2554.0
1784036767.7,25619,32624,1759,219.0,67.0,2350.0
1784036768.8,25619,32624,1759,139.0,67.0,2221.0
1784036769.9,25619,32624,1759,207.0,67.0,2320.0
1784036771.0,25619,32624,1759,166.0,67.0,2414.0
1784036772.1,25619,32624,1759,189.0,67.0,2558.0
1784036773.2,25619,32624,1759,212.0,67.0,2711.0
1784036774.3,25622,32624,1761,214.0,67.0,2720.0
1784036775.4,25622,32624,1761,186.0,67.0,2553.0
1784036776.5,25622,32624,1757,210.0,67.0,2220.0
1784036777.5,25622,32624,1757,232.0,67.0,2378.0
1784036778.6,25622,32624,1757,85.0,67.0,3299.0
1784036779.7,25622,32624,1757,216.0,67.0,2272.0
1784036780.8,25622,32624,1757,212.0,67.0,2722.0
1784036781.9,25622,32624,1757,219.0,67.0,2285.0
1784036783.0,25622,32624,1757,222.0,67.0,2350.0
1784036784.1,25622,32624,1757,215.0,67.0,2713.0
1784036785.2,25622,32624,1757,227.0,67.0,2279.0
1784036786.3,25622,32624,1757,265.0,67.0,2507.0
1784036787.4,25622,32624,1757,204.0,67.0,2280.0
1784036788.5,25622,32624,1757,215.0,67.0,2737.0
1784036789.6,25622,32624,1757,205.0,67.0,2284.0
1784036790.7,25622,32624,1757,210.0,67.0,2702.0
1784036791.8,25622,32624,1757,244.0,67.0,2246.0
1784036792.9,25622,32624,1757,143.0,67.0,2241.0
1784036793.9,25622,32624,1757,216.0,67.0,2739.0
1784036795.0,25622,32624,1757,208.0,66.0,2691.0
1784036796.1,25622,32624,1757,219.0,67.0,2308.0
1784036797.2,25622,32624,1757,132.0,67.0,2285.0
1784036798.3,25622,32624,1757,210.0,67.0,2694.0
1784036799.4,25622,32624,1757,214.0,67.0,2725.0
1784036800.5,25622,32624,1757,212.0,67.0,2704.0
1784036801.6,25622,32624,1757,242.0,67.0,2435.0
1784036802.7,25622,32624,1757,227.0,67.0,2350.0
1784036803.8,25622,32624,1757,168.0,66.0,2132.0
1784036804.9,25622,32624,1757,163.0,67.0,2298.0
1784036806.0,25622,32624,1757,230.0,66.0,2380.0
1784036807.0,25622,32624,1757,211.0,66.0,2294.0
1784036808.1,25622,32624,1757,220.0,66.0,2350.0
1784036809.2,25622,32624,1757,210.0,66.0,2694.0
1784036810.3,25622,32624,1757,217.0,66.0,2722.0
1784036811.4,25622,32624,1757,216.0,66.0,2717.0
1784036812.5,25622,32624,1757,261.0,66.0,2350.0
1784036813.6,25622,32624,1757,210.0,66.0,2350.0
1784036814.7,25622,32624,1757,205.0,66.0,2261.0
1784036815.8,25622,32624,1757,153.0,66.0,2283.0
1784036816.9,25622,32624,1757,215.0,66.0,2720.0
1784036818.0,25622,32624,1757,143.0,66.0,2350.0
1784036819.1,25622,32624,1757,213.0,66.0,2260.0
1784036820.1,25622,32624,1757,210.0,66.0,2708.0
1784036821.2,25622,32624,1757,216.0,66.0,2735.0
1784036822.3,25622,32624,1757,303.0,66.0,2655.0
1784036823.4,25622,32624,1757,205.0,66.0,2697.0
1784036824.5,25622,32624,1755,213.0,66.0,2285.0
1784036825.6,25622,32624,1755,219.0,66.0,2350.0
1784036826.7,25622,32624,1755,213.0,66.0,2722.0
1784036827.8,25629,32624,1778,240.0,66.0,2408.0
1784036828.9,25636,32624,1778,207.0,66.0,2691.0
1784036830.0,25625,32624,1778,198.0,66.0,2304.0
1784036831.1,25580,32624,1776,214.0,66.0,2707.0
1784036832.2,25550,32624,1776,189.0,66.0,2204.0
1784036833.3,25240,32624,1766,207.0,66.0,2686.0
1784036834.4,25240,32624,1766,228.0,66.0,2350.0
1784036835.5,25240,32624,1766,209.0,66.0,2710.0
1784036836.6,25238,32624,1766,211.0,66.0,2320.0
1784036837.7,25238,32624,1766,220.0,66.0,2743.0
1784036838.8,25238,32624,1766,300.0,66.0,2695.0
1784036839.9,25238,32624,1766,213.0,66.0,2301.0
1784036841.0,25238,32624,1766,204.0,66.0,2701.0
1784036842.1,25252,32624,1770,213.0,66.0,2350.0
1784036843.1,25252,32624,1770,216.0,66.0,2237.0
1784036844.2,25252,32624,1774,209.0,66.0,2707.0
1784036845.3,25238,32624,1768,209.0,66.0,2282.0
1784036846.4,25238,32624,1768,202.0,66.0,2656.0
1784036847.5,25258,32624,1770,214.0,66.0,2716.0
1784036848.6,25248,32624,1768,146.0,66.0,2269.0
1784036849.7,25257,32624,1735,226.0,66.0,2377.0
1784036850.8,25244,32624,1735,218.0,66.0,2731.0
1784036851.9,25265,32624,1747,254.0,66.0,2737.0
1784036853.0,25317,32624,1759,234.0,66.0,2169.0
1784036854.1,25326,32624,1757,197.0,66.0,2222.0
1784036855.2,25324,32624,1747,214.0,66.0,2739.0
1784036856.3,25310,32624,1747,215.0,66.0,2730.0
1784036857.4,25310,32624,1745,226.0,66.0,2386.0
1784036858.5,25324,32624,1749,212.0,66.0,2292.0
1784036859.6,25324,32624,1745,226.0,66.0,2350.0
1784036860.7,25324,32624,1743,204.0,66.0,2680.0
1784036861.8,25310,32624,1749,211.0,66.0,2720.0
1784036862.9,25310,32624,1749,204.0,66.0,2708.0
1784036864.0,25322,32624,1751,210.0,66.0,2698.0
1784036865.1,25336,32624,1753,264.0,66.0,2758.0
1784036866.2,25322,32624,1751,215.0,66.0,2705.0
1784036867.3,25336,32624,1747,178.0,66.0,2690.0
1784036868.3,25322,32624,1751,152.0,66.0,2217.0
1784036869.4,25322,32624,1751,195.0,66.0,2242.0
1784036870.5,25342,32624,1761,233.0,66.0,2252.0
1784036871.6,25342,32624,1761,216.0,66.0,2305.0
1784036872.7,25322,32624,1759,190.0,66.0,2251.0
1784036873.8,25339,32624,1759,235.0,66.0,2415.0
1784036874.9,25339,32624,1759,212.0,66.0,2322.0
1784036876.0,25326,32624,1745,146.0,66.0,2390.0
1784036877.1,25339,32624,1743,210.0,65.0,2350.0
1784036878.2,25339,32624,1749,235.0,66.0,2395.0
1784036879.3,25339,32624,1749,206.0,66.0,2312.0
1784036880.4,25339,32624,1749,214.0,66.0,2385.0
1784036881.5,25337,32624,1747,201.0,65.0,2317.0
1784036882.6,25337,32624,1747,201.0,66.0,2180.0
1784036883.7,25337,32624,1747,232.0,66.0,2393.0
1784036884.8,25337,32624,1759,213.0,66.0,2718.0
1784036885.9,25342,32624,1759,214.0,66.0,2727.0
1784036887.0,25328,32624,1749,208.0,66.0,2717.0
1784036888.1,25342,32624,1749,211.0,66.0,2720.0
1784036889.2,25342,32624,1749,214.0,66.0,2729.0
1784036890.3,25342,32624,1745,186.0,66.0,2304.0
1784036891.4,25338,32624,1749,214.0,66.0,2272.0
1784036892.4,25338,32624,1757,193.0,66.0,2852.0
1784036893.5,25338,32624,1757,209.0,66.0,2711.0
1784036894.6,25338,32624,1757,211.0,65.0,2713.0
1784036895.7,25338,32624,1757,219.0,66.0,2747.0
1784036896.8,25326,32624,1755,214.0,66.0,2306.0
1784036897.9,25330,32624,1751,234.0,65.0,2259.0
1784036899.0,25330,32624,1751,204.0,66.0,2679.0
1784036900.1,25330,32624,1751,215.0,66.0,2735.0
1784036901.2,25330,32624,1749,214.0,66.0,2736.0
1784036902.3,25314,32624,1739,60.0,65.0,1337.0
1784036903.4,25340,32624,1751,206.0,65.0,2713.0
1784036904.5,25356,32624,1753,212.0,65.0,2716.0
1784036905.6,25330,32624,1749,213.0,65.0,2734.0
1784036906.7,25349,32624,1754,231.0,65.0,2350.0
1784036907.8,25333,32624,1747,238.0,65.0,2891.0
1784036908.9,25333,32624,1747,210.0,66.0,2715.0
1784036910.0,25322,32624,1749,240.0,66.0,2227.0
1784036911.1,25322,32624,1745,185.0,65.0,2243.0
1784036912.2,25322,32624,1745,214.0,65.0,2718.0
1784036913.2,25341,32624,1751,209.0,65.0,2729.0
1784036914.3,25341,32624,1749,206.0,66.0,2294.0
1784036915.4,25344,32624,1751,200.0,65.0,2709.0
1784036916.5,25344,32624,1754,243.0,65.0,2250.0
1784036917.6,25341,32624,1751,291.0,65.0,2635.0
1784036918.7,25341,32624,1747,207.0,65.0,2700.0
1784036919.8,25325,32624,1747,149.0,65.0,2407.0
1784036920.9,25334,32624,1752,189.0,65.0,2301.0
1784036922.0,25334,32624,1752,212.0,65.0,2718.0
1784036923.1,25336,32624,1753,158.0,65.0,2267.0
1784036924.2,25339,32624,1753,206.0,66.0,2741.0
1784036925.3,25339,32624,1753,215.0,65.0,2757.0
1784036926.4,25328,32624,1753,216.0,66.0,2259.0
1784036927.5,25344,32624,1752,212.0,65.0,2732.0
1784036928.6,25344,32624,1751,204.0,65.0,2655.0
1784036929.7,25355,32624,1749,219.0,65.0,2308.0
1784036930.8,25344,32624,1753,209.0,65.0,2198.0
1784036931.9,25341,32624,1749,211.0,65.0,2742.0
1784036932.9,25336,32624,1752,217.0,65.0,2748.0
1784036934.0,25334,32624,1751,207.0,65.0,2350.0
1784036935.1,25334,32624,1751,212.0,65.0,2713.0
1784036936.2,25332,32624,1751,222.0,65.0,2298.0
1784036937.3,25332,32624,1745,212.0,65.0,2712.0
1784036938.4,25332,32624,1745,225.0,65.0,2350.0
1784036939.5,25334,32624,1753,207.0,65.0,2726.0
1784036940.6,25321,32624,1753,233.0,65.0,2399.0
1784036941.7,25318,32624,1745,201.0,65.0,2734.0
1784036942.8,25318,32624,1747,152.0,65.0,2447.0
1784036943.9,25334,32624,1751,245.0,65.0,2530.0
1784036945.0,25334,32624,1751,208.0,65.0,2350.0
1784036946.1,25332,32624,1749,212.0,65.0,2718.0
1784036947.2,25334,32624,1753,191.0,65.0,2259.0
1784036948.3,25321,32624,1751,207.0,65.0,2693.0
1784036949.4,25334,32624,1749,214.0,65.0,2350.0
1784036950.5,25334,32624,1749,206.0,65.0,2691.0
1784036951.5,25321,32624,1749,243.0,65.0,2273.0
1784036952.6,25321,32624,1747,216.0,65.0,2746.0
1784036953.7,25334,32624,1752,205.0,65.0,2731.0
1784036954.8,25334,32624,1751,169.0,65.0,2567.0
1784036955.9,25318,32624,1750,205.0,65.0,2746.0
1784036957.0,25348,32624,1745,215.0,65.0,2350.0
1784036958.1,25348,32624,1752,210.0,65.0,2722.0
1784036959.2,25348,32624,1752,200.0,65.0,2736.0
1784036960.3,25334,32624,1750,231.0,65.0,2395.0
1784036961.4,25372,32624,1747,210.0,65.0,2716.0
1784036962.5,25381,32624,1747,161.0,65.0,2296.0
1784036963.6,25377,32624,1757,204.0,65.0,2710.0
1784036964.7,25337,32624,1757,193.0,65.0,2758.0
1784036965.8,25323,32624,1757,163.0,65.0,2516.0
1784036966.9,25339,32624,1749,211.0,65.0,2730.0
1784036968.0,25353,32624,1745,231.0,65.0,2297.0
1784036969.1,25353,32624,1745,218.0,65.0,2769.0
1784036970.2,25353,32624,1745,210.0,65.0,2785.0
1784036971.3,25353,32624,1745,214.0,65.0,2301.0
1784036972.3,25335,32624,1745,206.0,65.0,2720.0
1784036973.4,25335,32624,1745,202.0,65.0,2741.0
1784036974.5,25335,32624,1745,232.0,65.0,2350.0
1784036975.6,25335,32624,1745,205.0,65.0,2689.0
1784036976.7,25335,32624,1745,208.0,65.0,2697.0
1784036977.8,25335,32624,1745,178.0,65.0,2324.0
1784036978.9,25335,32624,1745,219.0,65.0,2768.0
1784036980.0,25335,32624,1745,204.0,65.0,2720.0
1784036981.1,25335,32624,1745,220.0,65.0,2304.0
1784036982.2,25337,32624,1745,193.0,65.0,2218.0
1784036983.3,25337,32624,1745,213.0,65.0,2726.0
1784036984.4,25337,32624,1745,210.0,65.0,2761.0
1784036985.5,25337,32624,1741,137.0,65.0,2281.0
1784036986.5,25337,32624,1745,216.0,65.0,2749.0
1784036987.6,25337,32624,1745,210.0,65.0,2785.0
1784036988.7,25337,32624,1745,207.0,65.0,2350.0
1784036989.8,25337,32624,1745,235.0,64.0,2415.0
1784036990.9,25337,32624,1745,209.0,65.0,2692.0
1784036992.0,25343,32624,1753,203.0,65.0,2710.0
1784036993.1,25343,32624,1753,240.0,64.0,2484.0
1784036994.2,25343,32624,1753,206.0,65.0,2281.0
1784036995.3,25343,32624,1751,211.0,65.0,2743.0
1784036996.4,25343,32624,1743,216.0,65.0,2805.0
1784036997.5,25343,32624,1754,57.0,65.0,0.0
1784036998.6,25343,32624,1769,223.0,65.0,2350.0
1784036999.7,25369,32624,1771,211.0,65.0,2707.0
1784037000.8,25353,32624,1755,204.0,65.0,2764.0
1784037001.9,25353,32624,1753,334.0,65.0,2977.0
1784037003.0,25352,32624,1753,235.0,65.0,2402.0
1784037004.1,25352,32624,1753,205.0,65.0,2694.0
1784037005.1,25352,32624,1755,210.0,65.0,2712.0
1784037006.2,25352,32624,1754,211.0,64.0,2706.0
1784037007.3,25352,32624,1751,213.0,65.0,2762.0
1784037008.4,25352,32624,1751,202.0,65.0,2350.0
1784037009.5,25352,32624,1751,222.0,65.0,2295.0
1784037010.6,25352,32624,1753,209.0,65.0,2707.0
1784037011.7,25352,32624,1751,213.0,65.0,2717.0
1784037012.8,25352,32624,1753,212.0,65.0,2770.0
1784037013.9,25338,32624,1755,52.0,65.0,0.0
1784037015.0,25352,32624,1753,201.0,65.0,2260.0
1784037016.1,25352,32624,1755,217.0,65.0,2764.0
1784037017.2,25352,32624,1755,214.0,65.0,2744.0
1784037018.3,25350,32624,1751,200.0,65.0,2734.0
1784037019.4,25350,32624,1749,208.0,65.0,2786.0
1784037020.5,25350,32624,1753,227.0,65.0,2350.0
1784037021.6,25338,32624,1749,226.0,65.0,2350.0
1784037022.7,25338,32624,1753,244.0,65.0,2431.0
1784037023.7,25336,32624,1752,186.0,65.0,2199.0
1784037024.8,25323,32624,1754,211.0,65.0,2719.0
1784037025.9,25335,32624,1751,214.0,65.0,2753.0
1784037027.0,25335,32624,1751,211.0,65.0,2782.0
1784037028.1,25335,32624,1755,203.0,65.0,2740.0
1784037029.2,25335,32624,1756,135.0,64.0,2243.0
1784037030.3,25335,32624,1749,218.0,65.0,2188.0
1784037031.4,25335,32624,1749,221.0,65.0,2380.0
1784037032.5,25335,32624,1749,219.0,65.0,2760.0
1784037033.6,25335,32624,1755,212.0,65.0,2723.0
1784037034.7,25321,32624,1749,210.0,65.0,2747.0
1784037035.8,25335,32624,1747,207.0,65.0,2754.0
1784037036.9,25335,32624,1749,207.0,65.0,2763.0
1784037038.0,25335,32624,1753,206.0,65.0,2766.0
1784037039.1,25335,32624,1753,248.0,65.0,2311.0
1784037040.2,25335,32624,1749,205.0,64.0,2764.0
1784037041.2,25336,32624,1756,208.0,65.0,2748.0
1784037042.3,25336,32624,1751,215.0,64.0,2776.0
1784037043.4,25336,32624,1751,211.0,65.0,2784.0
1784037044.5,25336,32624,1749,232.0,64.0,2404.0
1784037045.6,25336,32624,1749,150.0,64.0,2229.0
1784037046.7,25336,32624,1749,211.0,65.0,2380.0
1784037047.8,25322,32624,1749,145.0,65.0,2378.0
1784037048.9,25336,32624,1753,203.0,64.0,2244.0
1784037050.0,25334,32624,1747,213.0,65.0,2772.0
1784037051.1,25334,32624,1745,220.0,65.0,2759.0
1784037052.2,25334,32624,1745,212.0,65.0,2732.0
1784037053.3,25334,32624,1747,211.0,64.0,2715.0
1784037054.4,25334,32624,1753,211.0,65.0,2719.0
1784037055.5,25334,32624,1753,213.0,65.0,2737.0
1784037056.5,25334,32624,1756,207.0,65.0,2751.0
1784037057.6,25320,32624,1753,167.0,64.0,2454.0
1784037058.7,25334,32624,1747,217.0,65.0,2751.0
1784037059.8,25334,32624,1747,215.0,65.0,2742.0
1784037060.9,25327,32624,1747,214.0,64.0,2718.0
1784037062.0,25327,32624,1751,201.0,64.0,2697.0
1784037063.1,25327,32624,1751,203.0,64.0,2706.0
1784037064.2,25327,32624,1753,208.0,64.0,2714.0
1784037065.3,25343,32624,1754,211.0,64.0,2728.0
1784037066.4,25343,32624,1753,210.0,65.0,2706.0
1784037067.5,25329,32624,1753,213.0,65.0,2718.0
1784037068.6,25343,32624,1753,212.0,65.0,2722.0
1784037069.7,25343,32624,1753,214.0,65.0,2741.0
1784037070.8,25343,32624,1753,208.0,65.0,2698.0
1784037071.8,25343,32624,1753,209.0,65.0,2730.0
1784037072.9,25343,32624,1750,215.0,65.0,2733.0
1784037074.0,25344,32624,1754,209.0,65.0,2724.0
1784037075.1,25331,32624,1753,196.0,64.0,2183.0
1784037076.2,25344,32624,1754,220.0,64.0,2324.0
1784037077.3,25344,32624,1754,213.0,64.0,2350.0
1784037078.4,25331,32624,1754,133.0,64.0,2289.0
1784037079.5,25344,32624,1754,233.0,64.0,2237.0
1784037080.6,25331,32624,1754,205.0,64.0,2294.0
1784037081.7,25344,32624,1750,225.0,65.0,2350.0
1784037082.8,25331,32624,1747,210.0,65.0,2350.0
1784037083.9,25331,32624,1747,221.0,65.0,2238.0
1784037085.0,25344,32624,1745,217.0,64.0,2804.0
1784037086.0,25331,32624,1745,221.0,65.0,2839.0
1784037087.1,25331,32624,1743,204.0,64.0,2785.0
1784037088.2,25331,32624,1743,205.0,65.0,2789.0
1784037089.3,25344,32624,1745,202.0,64.0,2762.0
1784037090.4,25347,32624,1756,211.0,65.0,2770.0
1784037091.5,25333,32624,1756,198.0,64.0,2745.0
1784037092.6,25333,32624,1753,214.0,65.0,2715.0
1784037093.7,25347,32624,1753,248.0,64.0,2499.0
1784037094.8,25333,32624,1754,185.0,64.0,2271.0
1784037095.9,25347,32624,1752,138.0,64.0,2350.0
1784037097.0,25347,32624,1751,127.0,64.0,2924.0
1784037098.1,25333,32624,1749,209.0,64.0,2810.0
1784037099.2,25347,32624,1749,211.0,64.0,2807.0
1784037100.2,25347,32624,1750,214.0,64.0,2783.0
1784037101.3,25347,32624,1750,208.0,64.0,2759.0
1784037102.4,25347,32624,1754,207.0,64.0,2739.0
1784037103.5,25333,32624,1754,213.0,64.0,2729.0
1784037104.6,25333,32624,1754,208.0,65.0,2701.0
1784037105.7,25347,32624,1749,190.0,64.0,2706.0
1784037106.8,25347,32624,1749,206.0,64.0,2282.0
1784037107.9,25347,32624,1739,164.0,64.0,2243.0
1784037109.0,25347,32624,1749,244.0,64.0,2377.0
1784037110.1,25347,32624,1749,212.0,64.0,2799.0
1784037111.2,25347,32624,1749,203.0,64.0,2750.0
1784037112.3,25331,32624,1745,210.0,64.0,2795.0
1784037113.4,25331,32624,1743,177.0,64.0,2614.0
1784037114.5,25331,32624,1749,208.0,64.0,2262.0
1784037115.6,25331,32624,1749,205.0,64.0,2350.0
1784037116.7,25331,32624,1751,212.0,64.0,2810.0
1784037117.8,25331,32624,1753,211.0,64.0,2812.0
1784037118.9,25347,32624,1755,212.0,64.0,2780.0
1784037120.0,25347,32624,1758,207.0,64.0,2736.0
1784037121.0,25347,32624,1753,202.0,64.0,2694.0
1784037122.1,25347,32624,1749,215.0,64.0,2727.0
1784037123.2,25347,32624,1750,213.0,65.0,2296.0
1784037124.3,25347,32624,1750,311.0,64.0,2717.0
1784037125.4,25347,32624,1750,206.0,64.0,2807.0
1784037126.5,25333,32624,1750,207.0,64.0,2811.0
1784037127.6,25347,32624,1747,207.0,64.0,2703.0
1784037128.7,25347,32624,1750,215.0,64.0,2725.0
1784037129.8,25347,32624,1752,219.0,64.0,2767.0
1784037130.9,25347,32624,1752,226.0,64.0,2283.0
1784037132.0,25333,32624,1749,255.0,64.0,2537.0
1784037133.1,25347,32624,1751,210.0,64.0,2708.0
1784037134.2,25333,32624,1751,214.0,64.0,2743.0
1784037135.3,25347,32624,1751,208.0,64.0,2396.0
1784037136.3,25347,32624,1751,217.0,64.0,2312.0
1784037137.4,25347,32624,1755,211.0,64.0,2781.0
1784037138.5,25349,32624,1755,205.0,64.0,2766.0
1784037139.6,25349,32624,1753,213.0,64.0,2720.0
1784037140.7,25351,32624,1751,211.0,64.0,2718.0
1784037141.8,25339,32624,1753,168.0,65.0,2218.0
1784037142.9,25351,32624,1745,196.0,64.0,2240.0
1784037144.0,25337,32624,1757,217.0,65.0,2768.0
1784037145.1,25336,32624,1756,207.0,64.0,2702.0
1784037146.2,25336,32624,1747,208.0,64.0,2695.0
1784037147.3,25336,32624,1745,204.0,64.0,2744.0
1784037148.4,25320,32624,1743,218.0,64.0,2797.0
1784037149.5,25335,32624,1754,207.0,64.0,2260.0
1784037150.6,25335,32624,1753,43.0,64.0,0.0
1784037151.7,25336,32624,2009,147.0,63.0,1720.0
1784037152.8,25350,32624,2009,213.0,64.0,2773.0
1784037153.9,25336,32624,2009,212.0,64.0,2727.0
1784037154.9,25350,32624,2007,160.0,64.0,2510.0
1784037156.0,25350,32624,2000,231.0,64.0,2350.0
1784037157.1,25364,32624,2004,205.0,64.0,2734.0
1784037158.2,25350,32624,2007,208.0,64.0,2779.0
1784037159.3,25336,32624,2007,211.0,64.0,2704.0
1784037160.4,25350,32624,2007,188.0,64.0,2695.0
1784037161.5,25350,32624,2009,47.0,64.0,306.0
1784037162.6,25338,32624,2012,201.0,64.0,2474.0
1784037163.7,25338,32624,2011,208.0,64.0,2517.0
1784037164.8,25335,32624,2009,225.0,64.0,2524.0
1784037165.9,25322,32624,2009,204.0,64.0,2388.0
1784037167.0,25322,32624,2009,153.0,64.0,2402.0
1784037168.1,25338,32624,2014,194.0,64.0,2518.0
1784037169.2,25351,32624,2015,186.0,64.0,2632.0
1784037170.3,25338,32624,2015,228.0,64.0,2649.0
1784037171.4,25322,32624,2009,244.0,64.0,2659.0
1784037172.5,25338,32624,2009,213.0,64.0,2482.0
1784037173.5,25322,32624,2005,209.0,64.0,2493.0
1784037174.6,25322,32624,2009,206.0,64.0,2505.0
1784037175.7,25322,32624,2007,210.0,64.0,2530.0
1784037176.8,25333,32624,2010,209.0,64.0,2564.0
1784037177.9,25333,32624,2009,212.0,64.0,2529.0
1784037179.0,25317,32624,2007,192.0,64.0,2459.0
1784037180.1,25317,32624,2007,208.0,64.0,2544.0
1784037181.2,25317,32624,2007,233.0,64.0,2531.0
1784037182.3,25333,32624,2013,239.0,64.0,2539.0
1784037183.4,25333,32624,2001,220.0,65.0,2539.0
1784037184.5,25333,32624,2001,216.0,64.0,2477.0
1784037185.6,25333,32624,2007,210.0,65.0,2510.0
1784037186.7,25333,32624,2010,195.0,65.0,2350.0
1784037187.8,25333,32624,2010,170.0,65.0,2528.0
1784037188.9,25333,32624,2010,216.0,65.0,2598.0
1784037190.0,25333,32624,2010,205.0,65.0,2651.0
1784037191.1,25333,32624,2010,171.0,65.0,2537.0
1784037192.2,25333,32624,2010,194.0,65.0,2527.0
1784037193.3,25333,32624,2010,191.0,65.0,2498.0
1784037194.4,25333,32624,2009,197.0,65.0,2563.0
1784037195.5,25333,32624,2001,209.0,65.0,2560.0
1784037196.5,25333,32624,2009,193.0,65.0,2555.0
1784037197.6,25333,32624,2010,201.0,65.0,2647.0
1784037198.7,25333,32624,2010,214.0,66.0,2645.0
1784037199.8,25333,32624,2010,236.0,66.0,2549.0
1784037200.9,25333,32624,2009,244.0,66.0,2717.0
1784037202.0,25333,32624,2009,218.0,66.0,2609.0
1784037203.1,25333,32624,2007,248.0,66.0,2618.0
1784037204.2,25333,32624,2005,240.0,66.0,2610.0
1784037205.3,25333,32624,2008,230.0,66.0,2580.0
1784037206.4,25333,32624,2007,218.0,66.0,2609.0
1784037207.5,25333,32624,2007,189.0,66.0,2553.0
1784037208.6,25333,32624,2007,191.0,66.0,2597.0
1784037209.7,25333,32624,2008,206.0,66.0,2539.0
1784037210.8,25333,32624,2008,189.0,66.0,2503.0
1784037211.9,25333,32624,2010,218.0,67.0,2486.0
1784037213.0,25340,32624,2013,225.0,66.0,2472.0
1784037214.0,25342,32624,2011,211.0,67.0,2524.0
1784037215.1,25342,32624,2009,210.0,67.0,2477.0
1784037216.2,25326,32624,2011,206.0,67.0,2501.0
1784037217.3,25325,32624,2011,220.0,67.0,2530.0
1784037218.4,25321,32624,2003,205.0,67.0,2525.0
1784037219.5,25340,32624,2012,213.0,67.0,2580.0
1784037220.6,25341,32624,2014,224.0,67.0,2527.0
1784037221.7,25340,32624,2012,204.0,67.0,2526.0
1784037222.8,25338,32624,2012,208.0,67.0,2497.0
1784037223.9,25338,32624,2010,217.0,67.0,2543.0
1784037225.0,25338,32624,2010,194.0,67.0,2587.0
1784037226.1,25338,32624,2009,198.0,67.0,2542.0
1784037227.2,25338,32624,2005,196.0,67.0,2496.0
1784037228.3,25338,32624,2010,213.0,67.0,2479.0
1784037229.4,25338,32624,2010,225.0,67.0,2471.0
1784037230.5,25338,32624,2005,208.0,67.0,2514.0
1784037231.5,25338,32624,2010,216.0,67.0,2488.0
1784037232.6,25338,32624,2010,213.0,67.0,2502.0
1784037233.7,25338,32624,2007,194.0,68.0,2464.0
1784037234.8,25338,32624,2008,198.0,68.0,2472.0
1784037235.9,25338,32624,2010,209.0,68.0,2518.0
1784037237.0,25338,32624,2003,200.0,68.0,2489.0
1784037238.1,25032,32624,1999,207.0,68.0,2543.0
1784037239.2,25032,32624,1999,181.0,68.0,2500.0
1784037240.3,25023,32624,1985,233.0,68.0,2468.0
1784037241.4,25023,32624,1985,235.0,68.0,2482.0
1784037242.5,25023,32624,1985,217.0,68.0,2506.0
1784037243.6,25023,32624,1985,209.0,68.0,2520.0
1784037244.7,25023,32624,2027,219.0,68.0,2617.0
1784037245.8,24996,32624,2027,190.0,68.0,2613.0
1784037246.9,24996,32624,2027,221.0,68.0,2472.0
1784037248.0,24996,32624,2027,208.0,68.0,2542.0
1784037249.1,24996,32624,1999,219.0,68.0,2512.0
1784037250.2,24996,32624,1985,218.0,68.0,2444.0
1784037251.2,24996,32624,1987,210.0,68.0,2568.0
1784037252.3,24996,32624,1987,189.0,68.0,2597.0
1784037253.4,24996,32624,1987,198.0,68.0,2462.0
1784037254.5,24996,32624,1987,227.0,68.0,2454.0
1784037255.6,24996,32624,1987,204.0,68.0,2462.0
1784037256.7,24996,32624,1985,199.0,68.0,2401.0
1784037257.8,24996,32624,1985,208.0,68.0,2503.0
1784037258.9,24996,32624,1985,203.0,68.0,2509.0
1784037260.0,24996,32624,1985,217.0,68.0,2519.0
1784037261.1,24996,32624,1985,214.0,68.0,2591.0
1784037262.2,24996,32624,1985,227.0,68.0,2586.0
1784037263.3,24996,32624,1985,195.0,68.0,2497.0
1784037264.3,24996,32624,1985,210.0,68.0,2433.0
1784037265.4,24996,32624,1985,219.0,68.0,2500.0
1784037266.5,24996,32624,1985,207.0,68.0,2459.0
1784037267.6,24996,32624,1985,207.0,68.0,2522.0
1784037268.7,24996,32624,1985,221.0,68.0,2529.0
1784037269.8,24996,32624,1985,209.0,68.0,2500.0
1784037270.9,24996,32624,2012,36.0,67.0,156.0
1784037272.0,24996,32624,1998,207.0,68.0,2807.0
1784037273.1,24996,32624,2011,210.0,68.0,2732.0
1784037274.2,24996,32624,2011,218.0,68.0,2770.0
1784037275.3,24996,32624,2011,203.0,68.0,2254.0
1784037276.4,24996,32624,2025,210.0,68.0,2783.0
1784037277.5,24996,32624,1987,214.0,68.0,2798.0
1784037278.6,24996,32624,1987,213.0,68.0,2725.0
1784037279.6,24996,32624,1987,209.0,68.0,2746.0
1784037280.7,24996,32624,1987,51.0,68.0,463.0
1784037281.8,24996,32624,1987,211.0,68.0,2517.0
1784037282.9,24996,32624,1985,194.0,68.0,2497.0
1784037284.0,24996,32624,1985,205.0,68.0,2547.0
1784037285.1,24996,32624,1985,200.0,68.0,2568.0
1784037286.2,24996,32624,1985,182.0,67.0,2507.0
1784037287.3,24996,32624,1985,185.0,67.0,2546.0
1784037288.4,24996,32624,1985,213.0,67.0,2612.0
1784037289.5,24996,32624,1985,248.0,67.0,2584.0
1784037290.6,24996,32624,1985,239.0,67.0,2667.0
1784037291.7,24996,32624,1985,208.0,67.0,2534.0
1784037292.7,24996,32624,1985,222.0,67.0,2529.0
1784037293.8,24996,32624,1985,234.0,67.0,2618.0
1784037294.9,24996,32624,1985,213.0,67.0,2483.0
1784037296.0,24996,32624,1985,213.0,67.0,2537.0
1784037297.1,24996,32624,1985,220.0,67.0,2474.0
1784037298.2,24996,32624,1985,208.0,67.0,2560.0
1784037299.3,24996,32624,1985,210.0,67.0,2474.0
1784037300.4,24996,32624,1985,208.0,67.0,2551.0
1784037301.5,24996,32624,1985,203.0,67.0,2476.0
1784037302.6,24996,32624,1985,215.0,66.0,2549.0
1784037303.7,24996,32624,1985,211.0,66.0,2491.0
1784037304.8,24996,32624,1985,213.0,67.0,2517.0
1784037305.9,24996,32624,1985,208.0,67.0,2537.0
1784037306.9,24996,32624,1985,195.0,67.0,2493.0
1784037308.0,24996,32624,1985,207.0,67.0,2504.0
1784037309.1,24996,32624,1985,202.0,67.0,2464.0
1784037310.2,24996,32624,1985,199.0,67.0,2491.0
1784037311.3,24996,32624,1985,201.0,67.0,2502.0
1784037312.4,24996,32624,1985,212.0,67.0,2528.0
1784037313.5,24996,32624,1985,210.0,67.0,2593.0
1784037314.6,24996,32624,1985,206.0,67.0,2516.0
1784037315.7,24996,32624,1985,208.0,67.0,2447.0
1784037316.8,24996,32624,1985,213.0,67.0,2519.0
1784037317.9,24996,32624,1985,207.0,67.0,2556.0
1784037318.9,24996,32624,1985,202.0,67.0,2530.0
1784037320.0,24996,32624,1985,221.0,67.0,2495.0
1784037321.1,24996,32624,1985,217.0,67.0,2473.0
1784037322.2,24996,32624,1985,215.0,67.0,2504.0
1784037323.3,24996,32624,1985,208.0,67.0,2536.0
1784037324.4,24996,32624,1985,206.0,67.0,2515.0
1784037325.5,24996,32624,1985,205.0,67.0,2565.0
1784037326.6,24996,32624,1985,203.0,67.0,2493.0
1784037327.7,24996,32624,1985,221.0,67.0,2537.0
1784037328.8,24996,32624,1985,219.0,67.0,2576.0
1784037329.9,24996,32624,1985,193.0,67.0,2430.0
1784037331.0,24996,32624,1985,213.0,67.0,2580.0
1784037332.0,24996,32624,1985,198.0,67.0,2493.0
1784037333.1,24996,32624,1985,207.0,68.0,2549.0
1784037334.2,24996,32624,1985,224.0,68.0,2520.0
1784037335.3,24996,32624,1985,215.0,68.0,2606.0
1784037336.4,24996,32624,1985,217.0,68.0,2466.0
1784037337.5,24996,32624,1985,234.0,68.0,2627.0
1784037338.6,24996,32624,1985,229.0,68.0,2537.0
1784037339.7,24996,32624,1985,227.0,68.0,2472.0
1784037340.8,24996,32624,1985,94.0,68.0,2664.0
1784037341.9,24996,32624,1985,192.0,68.0,2489.0
1784037343.0,24996,32624,1985,196.0,68.0,2537.0
1784037344.1,24996,32624,1985,191.0,68.0,2404.0
1784037345.1,24996,32624,1985,226.0,68.0,2465.0
1784037346.2,24996,32624,1985,191.0,68.0,2430.0
1784037347.3,24996,32624,1985,201.0,68.0,2511.0
1784037348.4,24996,32624,1985,211.0,68.0,2525.0
1784037349.5,24996,32624,1985,220.0,68.0,2518.0
1784037350.6,24996,32624,1985,206.0,68.0,2443.0
1784037351.7,24996,32624,1985,213.0,68.0,2508.0
1784037352.8,24996,32624,1985,226.0,68.0,2511.0
1784037353.9,24996,32624,1985,208.0,68.0,2474.0
1784037355.0,24996,32624,1985,250.0,68.0,2555.0
1784037356.1,24996,32624,1985,199.0,68.0,2538.0
1784037357.1,24996,32624,1985,158.0,68.0,2465.0
1784037358.2,24996,32624,1985,197.0,68.0,2435.0
1784037359.3,24996,32624,1985,203.0,68.0,2518.0
1784037360.4,24996,32624,1985,192.0,68.0,2419.0
1784037361.5,24996,32624,1985,198.0,68.0,2447.0
1784037362.6,24996,32624,1985,202.0,68.0,2509.0
1784037363.7,24996,32624,1985,225.0,68.0,2512.0
1784037364.8,24996,32624,1985,218.0,68.0,2555.0
1784037365.9,24996,32624,1985,208.0,68.0,2509.0
1784037367.0,24996,32624,1985,220.0,68.0,2549.0
1784037368.1,24996,32624,1985,180.0,68.0,2541.0
1784037369.1,24996,32624,1985,204.0,68.0,2424.0
1784037370.2,24996,32624,1985,191.0,68.0,2408.0
1784037371.3,24996,32624,1985,209.0,68.0,2497.0
1784037372.4,24996,32624,1985,210.0,68.0,2484.0
1784037373.5,24996,32624,1985,209.0,68.0,2473.0
1784037374.6,24996,32624,1985,220.0,68.0,2512.0
1784037375.7,24996,32624,1985,207.0,68.0,2508.0
1784037376.8,24996,32624,1985,254.0,68.0,2600.0
1784037377.9,24996,32624,1985,188.0,68.0,2477.0
1784037379.0,24996,32624,1985,202.0,68.0,2469.0
1784037380.1,24996,32624,1985,243.0,68.0,2523.0
1784037381.1,24996,32624,1985,222.0,68.0,2489.0
1784037382.2,24996,32624,1985,215.0,68.0,2496.0
1784037383.3,24996,32624,1985,204.0,68.0,2523.0
1784037384.4,24996,32624,1985,210.0,68.0,2536.0
1784037385.5,24996,32624,1985,229.0,68.0,2509.0
1784037386.6,24996,32624,1985,225.0,69.0,2574.0
1784037387.7,24996,32624,1985,184.0,68.0,2570.0
1784037388.8,24996,32624,1985,232.0,68.0,2460.0
1784037389.9,24996,32624,1985,212.0,68.0,2481.0
1784037391.0,24996,32624,1985,213.0,69.0,2500.0
1784037392.1,24996,32624,1985,202.0,68.0,2436.0
1784037393.1,24996,32624,1985,221.0,69.0,2504.0
1784037394.2,24996,32624,1985,209.0,69.0,2537.0
1784037395.3,24996,32624,1985,215.0,69.0,2574.0
1784037396.4,24996,32624,1985,195.0,69.0,2490.0
1784037397.5,24996,32624,1985,209.0,69.0,2492.0
1784037398.6,24996,32624,1985,226.0,69.0,2487.0
1784037399.7,24996,32624,1985,197.0,69.0,2423.0
1784037400.8,24996,32624,1998,72.0,69.0,2675.0
1784037401.9,24996,32624,1998,225.0,68.0,2350.0
1784037403.0,24996,32624,1985,212.0,68.0,2860.0
1784037404.1,24996,32624,1985,205.0,68.0,2750.0
1784037405.1,24996,32624,1985,210.0,68.0,2774.0
1784037406.2,24996,32624,1985,209.0,68.0,2716.0
1784037407.3,24996,32624,1985,220.0,69.0,2772.0
1784037408.4,24996,32624,1985,220.0,69.0,2350.0
1784037409.5,24996,32624,1985,186.0,68.0,2777.0
1784037410.6,24996,32624,1985,212.0,68.0,2777.0
1784037411.7,24996,32624,1985,207.0,68.0,2492.0
1784037412.8,24996,32624,1985,212.0,68.0,2495.0
1784037413.9,24996,32624,1985,218.0,68.0,2491.0
1784037415.0,24996,32624,1985,202.0,68.0,2481.0
1784037416.1,24996,32624,1985,206.0,67.0,2495.0
1784037417.2,24996,32624,1985,216.0,67.0,2488.0
1784037418.3,24996,32624,1985,206.0,67.0,2501.0
1784037419.3,24996,32624,1985,210.0,67.0,2503.0
1784037420.4,24996,32624,1985,211.0,67.0,2466.0
1784037421.5,24996,32624,1985,203.0,67.0,2497.0
1784037422.6,24996,32624,1985,225.0,67.0,2520.0
1784037423.7,24996,32624,1985,216.0,67.0,2460.0
1784037424.8,24996,32624,1985,204.0,67.0,2532.0
1784037425.9,24996,32624,1985,209.0,67.0,2545.0
1784037427.0,24996,32624,1985,206.0,67.0,2551.0
1784037428.1,24996,32624,1985,202.0,67.0,2504.0
1784037429.2,24996,32624,1985,222.0,66.0,2475.0
1784037430.2,24996,32624,1985,208.0,66.0,2496.0
1784037431.3,24996,32624,1985,215.0,66.0,2480.0
1784037432.4,24996,32624,1985,214.0,66.0,2505.0
1784037433.5,24996,32624,1985,210.0,66.0,2564.0
1784037434.6,24996,32624,1985,217.0,66.0,2471.0
1784037435.7,24996,32624,1985,224.0,66.0,2524.0
1784037436.8,24996,32624,1985,220.0,66.0,2467.0
1784037437.9,24996,32624,1985,195.0,66.0,2409.0
1784037439.0,24996,32624,1985,241.0,66.0,2531.0
1784037440.1,24996,32624,1985,227.0,66.0,2483.0
1784037441.2,24996,32624,1985,213.0,66.0,2464.0
1784037442.3,24996,32624,1985,234.0,66.0,2505.0
1784037443.3,24996,32624,1985,207.0,66.0,2559.0
1784037444.4,24996,32624,1985,207.0,66.0,2511.0
1784037445.5,24996,32624,1985,212.0,66.0,2477.0
1784037446.6,24996,32624,1985,223.0,66.0,2496.0
1784037447.7,24996,32624,1985,222.0,66.0,2459.0
1784037448.8,24996,32624,1985,221.0,66.0,2504.0
1784037449.9,24996,32624,1998,197.0,66.0,2481.0
1784037451.0,24996,32624,1998,217.0,66.0,2532.0
1784037452.1,24996,32624,1998,221.0,67.0,2588.0
1784037453.2,24996,32624,1998,226.0,67.0,2578.0
1784037454.3,24996,32624,1998,208.0,67.0,2564.0
1784037455.3,24996,32624,1998,215.0,67.0,2589.0
1784037456.4,24996,32624,1998,217.0,67.0,2502.0
1784037457.5,24996,32624,1998,212.0,67.0,2533.0
1784037458.6,24996,32624,1998,209.0,67.0,2584.0
1784037459.7,24996,32624,1985,211.0,67.0,2486.0
1784037460.8,24996,32624,1985,244.0,67.0,2583.0
1784037461.9,24996,32624,1998,209.0,67.0,2590.0
1784037463.0,24996,32624,2012,201.0,67.0,2545.0
1784037464.1,24996,32624,2012,196.0,67.0,2454.0
1784037465.2,24996,32624,1998,200.0,67.0,2540.0
1784037466.3,24996,32624,2000,213.0,67.0,2497.0
1784037467.4,24996,32624,2001,215.0,67.0,2511.0
1784037468.4,24996,32624,1999,195.0,67.0,2472.0
1784037469.5,24996,32624,1999,223.0,67.0,2529.0
1784037470.6,24996,32624,1999,208.0,67.0,2538.0
1784037471.7,24996,32624,1998,211.0,67.0,2547.0
1784037472.8,24996,32624,2011,205.0,68.0,2558.0
1784037473.9,24996,32624,2011,204.0,68.0,2491.0
1784037475.0,24996,32624,1999,228.0,68.0,2573.0
1784037476.1,24996,32624,2011,207.0,68.0,2526.0
1784037477.2,24996,32624,1999,173.0,68.0,2479.0
1784037478.3,24996,32624,1999,205.0,68.0,2446.0
1784037479.4,24996,32624,1985,208.0,68.0,2541.0
1784037480.5,24996,32624,1999,213.0,68.0,2507.0
1784037481.6,24996,32624,1985,198.0,68.0,2479.0
1784037482.6,24996,32624,1999,210.0,68.0,2567.0
1784037483.7,24996,32624,1999,210.0,68.0,2480.0
1784037484.8,24996,32624,1999,234.0,68.0,2550.0
1784037485.9,24996,32624,1985,201.0,68.0,2584.0
1784037487.0,24996,32624,2011,205.0,68.0,2490.0
1784037488.1,24996,32624,1999,182.0,68.0,2544.0
1784037489.2,24996,32624,1999,235.0,68.0,2506.0
1784037490.3,24996,32624,1999,212.0,68.0,2532.0
1784037491.4,24996,32624,1999,198.0,68.0,2436.0
1784037492.5,24996,32624,1999,208.0,68.0,2476.0
1784037493.6,24996,32624,1985,219.0,68.0,2490.0
1784037494.6,24996,32624,2011,217.0,68.0,2576.0
1784037495.7,24996,32624,1985,223.0,68.0,2591.0
1784037496.8,24996,32624,1998,53.0,67.0,741.0
1784037497.9,24996,32624,1998,211.0,68.0,2790.0
1784037499.0,24996,32624,1999,210.0,68.0,2719.0
1784037500.1,24996,32624,1999,210.0,68.0,2698.0
1784037501.2,24996,32624,1985,231.0,68.0,2290.0
1784037502.3,24996,32624,2024,231.0,68.0,2377.0
1784037503.4,24996,32624,1999,211.0,68.0,2780.0
1784037504.5,24996,32624,2011,209.0,68.0,2783.0
1784037505.6,24996,32624,2011,207.0,68.0,2708.0
1784037506.6,24996,32624,2011,213.0,68.0,2350.0
1784037507.7,24996,32624,2011,170.0,68.0,2521.0
1784037508.8,24996,32624,1998,208.0,68.0,2512.0
1784037509.9,24996,32624,2011,209.0,68.0,2548.0
1784037511.0,24996,32624,1998,188.0,67.0,2528.0
1784037512.1,24996,32624,1985,219.0,67.0,2585.0
1784037513.2,24996,32624,2011,184.0,67.0,2454.0
1784037514.3,24996,32624,1998,195.0,67.0,2553.0
1784037515.4,24996,32624,1998,158.0,67.0,2471.0
1784037516.5,24996,32624,1985,150.0,67.0,2457.0
1784037517.6,24996,32624,1998,180.0,67.0,2460.0
1784037518.6,24996,32624,1998,172.0,67.0,2473.0
1784037519.7,24996,32624,1998,178.0,67.0,2350.0
1784037520.8,24996,32624,1998,177.0,67.0,2471.0
1784037521.9,24996,32624,1998,191.0,66.0,2588.0
1784037523.0,24996,32624,1998,196.0,66.0,2493.0
1784037524.1,24996,32624,1998,205.0,67.0,2568.0
1784037525.2,24996,32624,1998,158.0,67.0,2394.0
1784037526.3,24996,32624,1998,227.0,66.0,2385.0
1784037527.4,24996,32624,1998,179.0,66.0,2376.0
1784037528.5,24996,32624,1998,192.0,66.0,2420.0
1784037529.6,24996,32624,1998,201.0,66.0,2419.0
1784037530.7,24996,32624,1998,232.0,66.0,2475.0
1784037531.7,24996,32624,1998,240.0,66.0,2529.0
1784037532.8,24996,32624,1998,203.0,66.0,2540.0
1784037533.9,24996,32624,1998,223.0,66.0,2533.0
1784037535.0,24996,32624,1985,211.0,66.0,2461.0
1784037536.1,24996,32624,1985,204.0,66.0,2536.0
1784037537.2,24996,32624,1998,198.0,66.0,2477.0
1784037538.3,24996,32624,1998,218.0,66.0,2530.0
1784037539.4,24996,32624,1998,217.0,67.0,2577.0
1784037540.5,24996,32624,1998,203.0,67.0,2492.0
1784037541.6,24996,32624,1985,213.0,66.0,2561.0
1784037542.7,24996,32624,1985,228.0,67.0,2568.0
1784037543.8,24996,32624,1985,217.0,67.0,2513.0
1784037544.9,24996,32624,1998,216.0,67.0,2509.0
1784037546.0,24996,32624,1998,212.0,67.0,2553.0
1784037547.0,24996,32624,1998,214.0,67.0,2516.0
1784037548.1,24996,32624,1985,232.0,67.0,2613.0
1784037549.2,24996,32624,1998,203.0,67.0,2502.0
1784037550.3,24996,32624,1998,218.0,67.0,2598.0
1784037551.4,24996,32624,1985,206.0,67.0,2578.0
1784037552.5,24996,32624,1985,220.0,67.0,2580.0
1784037553.6,24996,32624,1998,236.0,67.0,2551.0
1784037554.7,24996,32624,1985,215.0,67.0,2582.0
1784037555.8,24996,32624,1985,237.0,67.0,2540.0
1784037556.9,24996,32624,1985,187.0,67.0,2642.0
1784037558.0,24996,32624,1985,177.0,67.0,2582.0
1784037559.1,24996,32624,1985,216.0,67.0,2633.0
1784037560.1,24996,32624,1985,196.0,67.0,2542.0
1784037561.2,24996,32624,1985,163.0,67.0,2449.0
1784037562.3,24996,32624,1985,186.0,67.0,2312.0
1784037563.4,24996,32624,1985,222.0,67.0,2458.0
1784037564.5,24996,32624,1985,210.0,68.0,2535.0
1784037565.6,24996,32624,1985,214.0,67.0,2474.0
1784037566.7,24996,32624,1998,214.0,68.0,2465.0
1784037567.8,24996,32624,1998,208.0,68.0,2513.0
1784037568.9,24996,32624,1998,229.0,68.0,2510.0
1784037570.0,24996,32624,1998,227.0,68.0,2476.0
1784037571.1,24996,32624,1998,216.0,68.0,2561.0
1784037572.2,24996,32624,1998,226.0,68.0,2548.0
1784037573.2,24996,32624,1998,227.0,68.0,2567.0
1784037574.3,24996,32624,1998,214.0,68.0,2542.0
1784037575.4,24996,32624,1998,218.0,68.0,2586.0
1784037576.5,24996,32624,1998,209.0,68.0,2616.0
1784037577.6,24996,32624,1998,199.0,68.0,2526.0
1784037578.7,24996,32624,1998,214.0,68.0,2452.0
1784037579.8,24996,32624,1998,209.0,68.0,2496.0
1784037580.9,24996,32624,1998,200.0,68.0,2485.0
1784037582.0,24996,32624,1998,199.0,68.0,2485.0
1784037583.1,24996,32624,1998,219.0,68.0,2516.0
1784037584.2,24996,32624,1998,198.0,68.0,2440.0
1784037585.2,24996,32624,1998,236.0,68.0,2561.0
1784037586.3,24996,32624,1998,212.0,68.0,2514.0
1784037587.4,24996,32624,1998,274.0,68.0,2600.0
1784037588.5,24996,32624,1998,219.0,68.0,2598.0
1784037589.6,24996,32624,1998,196.0,68.0,2498.0
1784037590.7,24996,32624,1998,203.0,68.0,2423.0
1784037591.8,24996,32624,1998,201.0,68.0,2464.0
1784037592.9,24998,32624,1998,199.0,67.0,2744.0
1784037594.0,25001,32624,1998,186.0,68.0,2622.0
1784037595.1,25001,32624,1998,216.0,68.0,2317.0
1784037596.2,25001,32624,1998,216.0,68.0,2810.0
1784037597.3,25001,32624,1998,206.0,68.0,2750.0
1784037598.3,25001,32624,1998,212.0,68.0,2718.0
1784037599.4,25001,32624,1998,219.0,68.0,2300.0
1784037600.5,25001,32624,1998,308.0,68.0,2715.0
1784037601.6,25001,32624,1998,211.0,68.0,2828.0
1784037602.7,25001,32624,1998,204.0,68.0,2665.0
1784037603.8,25001,32624,1998,230.0,67.0,2441.0
1784037604.9,25001,32624,1998,218.0,67.0,2498.0
1784037606.0,25001,32624,1998,212.0,67.0,2503.0
1784037607.1,25001,32624,1998,217.0,67.0,2464.0
1784037608.2,25001,32624,1998,193.0,67.0,2419.0
1784037609.2,25001,32624,1998,224.0,67.0,2512.0
1784037610.3,25001,32624,1998,212.0,67.0,2454.0
1784037611.4,25001,32624,1998,203.0,67.0,2525.0
1784037612.5,25001,32624,1998,200.0,66.0,2491.0
1784037613.6,25001,32624,1998,219.0,66.0,2525.0
1784037614.7,25001,32624,1998,211.0,66.0,2503.0
1784037615.8,25001,32624,1998,203.0,66.0,2525.0
1784037616.9,25001,32624,1998,204.0,66.0,2530.0
1784037618.0,25001,32624,1998,211.0,66.0,2532.0
1784037619.1,25001,32624,1998,211.0,66.0,2520.0
1784037620.2,25001,32624,1998,220.0,66.0,2510.0
1784037621.2,25001,32624,1998,203.0,66.0,2501.0
1784037622.3,25001,32624,1998,212.0,66.0,2536.0
1784037623.4,25001,32624,1998,219.0,66.0,2553.0
1784037624.5,25001,32624,1998,216.0,66.0,2481.0
1784037625.6,25001,32624,1998,211.0,66.0,2536.0
1784037626.7,25001,32624,1998,213.0,66.0,2490.0
1784037627.8,25001,32624,1998,205.0,66.0,2561.0
1784037628.9,25001,32624,1998,198.0,66.0,2414.0
1784037630.0,25001,32624,1998,206.0,66.0,2501.0
1784037631.1,25001,32624,1998,204.0,66.0,2504.0
1784037632.2,25001,32624,1998,216.0,66.0,2552.0
1784037633.3,25001,32624,1998,208.0,66.0,2494.0
1784037634.3,25001,32624,1985,217.0,66.0,2531.0
1784037635.4,25001,32624,1985,221.0,66.0,2509.0
1784037636.5,25001,32624,1985,214.0,66.0,2516.0
1784037637.6,25001,32624,1985,215.0,66.0,2538.0
1784037638.7,25001,32624,1985,213.0,66.0,2543.0
1784037639.8,25001,32624,1985,208.0,66.0,2476.0
1784037640.9,25001,32624,1985,211.0,66.0,2545.0
1784037642.0,25001,32624,1985,207.0,66.0,2491.0
1784037643.1,25001,32624,1985,211.0,66.0,2521.0
1784037644.2,25001,32624,1985,217.0,66.0,2542.0
1784037645.3,25001,32624,1998,225.0,66.0,2586.0
1784037646.3,25001,32624,1998,207.0,66.0,2493.0
1784037647.4,25001,32624,1998,203.0,66.0,2469.0
1784037648.5,25001,32624,1998,211.0,66.0,2624.0
1784037649.6,25001,32624,1998,276.0,66.0,2650.0
1784037650.7,25001,32624,1987,247.0,66.0,2575.0
1784037651.8,25001,32624,2000,199.0,66.0,2603.0
1784037652.9,25001,32624,2013,186.0,66.0,2549.0
1784037654.0,25001,32624,2013,240.0,66.0,2488.0
1784037655.1,25001,32624,2000,202.0,66.0,2496.0
1784037656.2,25001,32624,2013,207.0,66.0,2484.0
1784037657.3,25001,32624,2013,229.0,66.0,2519.0
1784037658.3,25001,32624,1985,204.0,67.0,2439.0
1784037659.4,25001,32624,1985,215.0,67.0,2504.0
1784037660.5,25001,32624,1985,202.0,67.0,2510.0
1784037661.6,25001,32624,1985,209.0,67.0,2480.0
1784037662.7,25001,32624,1998,200.0,67.0,2548.0
1784037663.8,25001,32624,1998,226.0,67.0,2569.0
1784037664.9,25001,32624,1998,206.0,67.0,2510.0
1784037666.0,25001,32624,1998,205.0,67.0,2490.0
1784037667.1,25001,32624,1998,215.0,67.0,2512.0
1784037668.2,25001,32624,1998,206.0,67.0,2570.0
1784037669.3,25001,32624,1998,197.0,67.0,2477.0
1784037670.4,25001,32624,1998,199.0,67.0,2582.0
1784037671.5,25001,32624,1998,215.0,67.0,2455.0
1784037672.5,25001,32624,1998,215.0,67.0,2458.0
1784037673.6,25001,32624,1998,213.0,67.0,2510.0
1784037674.7,25001,32624,1998,231.0,67.0,2527.0
1784037675.8,25001,32624,1998,212.0,68.0,2465.0
1784037676.9,25001,32624,1998,216.0,67.0,2548.0
1784037678.0,25001,32624,1998,231.0,68.0,2564.0
1784037679.1,25001,32624,1998,191.0,68.0,2554.0
1784037680.2,25001,32624,1998,217.0,68.0,2520.0
1784037681.3,25001,32624,1998,204.0,68.0,2447.0
1784037682.4,25001,32624,1998,201.0,68.0,2490.0
1784037683.5,25001,32624,1985,226.0,68.0,2588.0
1784037684.5,25001,32624,1998,205.0,67.0,2718.0
1784037685.6,25001,32624,2011,225.0,67.0,2778.0
1784037686.7,25001,32624,2011,222.0,68.0,2775.0
1784037687.8,25001,32624,1985,212.0,68.0,2182.0
1784037688.9,25001,32624,1987,211.0,68.0,2813.0
1784037690.0,25017,32624,2003,213.0,68.0,2775.0
1784037691.1,25134,32624,2023,212.0,68.0,2715.0
1784037692.2,25255,32624,2033,216.0,68.0,2760.0
1784037693.3,25255,32624,2033,204.0,68.0,2257.0
1784037694.4,25255,32624,2013,208.0,67.0,2752.0
1784037695.5,25253,32624,2007,192.0,67.0,2177.0
1784037696.6,25226,32624,2005,219.0,67.0,2540.0
1784037697.7,25239,32624,1997,224.0,67.0,2575.0
1784037698.8,25233,32624,1997,198.0,67.0,2577.0
1784037699.9,25227,32624,1999,208.0,67.0,2476.0
1784037701.0,25235,32624,1999,215.0,67.0,2518.0
1784037702.2,25230,32624,1995,222.0,67.0,2528.0
1784037703.2,25230,32624,1995,203.0,67.0,2473.0
1784037704.3,25269,32624,2011,224.0,66.0,2506.0
1784037705.4,25235,32624,1993,227.0,66.0,2552.0
1784037706.5,25227,32624,1993,207.0,66.0,2555.0
1784037707.6,25213,32624,1991,193.0,66.0,2563.0
1784037708.7,25205,32624,1993,174.0,66.0,2661.0
1784037709.8,25259,32624,2015,210.0,66.0,2639.0
1784037710.9,25269,32624,2017,203.0,66.0,2580.0
1784037712.0,25269,32624,2017,234.0,66.0,2701.0
1784037713.1,25258,32624,1995,182.0,66.0,2663.0
1784037714.2,25258,32624,1995,175.0,66.0,2578.0
1784037715.3,25263,32624,1997,207.0,66.0,2579.0
1784037716.4,25245,32624,1991,163.0,66.0,2538.0
1784037717.5,25245,32624,1993,189.0,66.0,2554.0
1784037718.6,25239,32624,1993,200.0,66.0,2589.0
1784037719.7,25240,32624,1991,236.0,66.0,2696.0
1784037720.8,25250,32624,1993,189.0,66.0,2615.0
1784037721.9,25242,32624,1991,214.0,66.0,2643.0
1784037723.0,25242,32624,1991,217.0,66.0,2604.0
1784037724.1,25242,32624,1993,179.0,66.0,2638.0
1784037725.2,25257,32624,2003,212.0,66.0,2585.0
1784037726.3,25257,32624,2005,221.0,66.0,2599.0
1784037727.4,25253,32624,1997,218.0,66.0,2601.0
1784037728.5,25292,32624,2019,234.0,66.0,2602.0
1784037729.6,25310,32624,1995,233.0,66.0,2643.0
1784037730.7,25321,32624,2001,210.0,66.0,2537.0
1784037731.8,25302,32624,1995,213.0,66.0,2498.0
1784037732.9,25332,32624,1999,238.0,66.0,2635.0
1784037734.0,25328,32624,1997,217.0,66.0,2624.0
1784037735.1,25324,32624,2003,227.0,66.0,2650.0
1784037736.2,25322,32624,2003,206.0,66.0,2529.0
1784037737.3,25322,32624,1997,235.0,66.0,2541.0
1784037738.4,25319,32624,2001,209.0,66.0,2545.0
1784037739.5,25319,32624,2001,228.0,67.0,2550.0
1784037740.6,25330,32624,2007,210.0,67.0,2585.0
1784037741.7,25329,32624,1995,251.0,67.0,2636.0
1784037742.8,25329,32624,1995,216.0,67.0,2617.0
1784037743.9,25320,32624,1997,187.0,67.0,2604.0
1784037745.0,25320,32624,1997,175.0,67.0,2589.0
1784037746.1,25320,32624,1995,188.0,67.0,2539.0
1784037747.2,25296,32624,1997,194.0,67.0,2388.0
1784037748.3,25296,32624,1997,231.0,67.0,2465.0
1784037749.3,25269,32624,1993,220.0,67.0,2503.0
1784037750.4,25269,32624,1993,213.0,67.0,2478.0
1784037751.5,25269,32624,1993,212.0,67.0,2554.0
1784037752.6,25269,32624,1993,223.0,67.0,2539.0
1784037753.7,25269,32624,1993,206.0,67.0,2512.0
1784037754.8,25269,32624,1993,203.0,67.0,2443.0
1784037755.9,25269,32624,1993,208.0,67.0,2525.0
1784037757.0,25269,32624,1993,223.0,67.0,2524.0
1784037758.1,25269,32624,1993,218.0,67.0,2490.0
1784037759.2,25269,32624,1993,220.0,67.0,2517.0
1784037760.3,25257,32624,1993,202.0,67.0,2549.0
1784037761.4,25257,32624,1993,184.0,68.0,2643.0
1784037762.5,25257,32624,1993,194.0,67.0,2524.0
1784037763.5,25257,32624,1993,207.0,68.0,2402.0
1784037764.6,25257,32624,1993,226.0,68.0,2490.0
1784037765.7,25257,32624,1993,214.0,68.0,2495.0
1784037766.8,25257,32624,1993,214.0,68.0,2506.0
1784037767.9,25257,32624,1993,222.0,68.0,2528.0
1784037769.0,25257,32624,1993,235.0,68.0,2524.0
1784037770.1,25257,32624,1993,220.0,68.0,2522.0
1784037771.2,25257,32624,1993,211.0,68.0,2496.0
1784037772.3,25257,32624,1993,207.0,68.0,2504.0
1784037773.4,25251,32624,2006,212.0,66.0,2796.0
1784037774.5,25251,32624,2006,207.0,68.0,2725.0
1784037775.6,25251,32624,2006,212.0,68.0,2711.0
1784037776.7,25251,32624,2006,209.0,68.0,2706.0
1784037777.7,25251,32624,2006,213.0,68.0,2723.0
1784037778.8,25251,32624,2006,210.0,68.0,2700.0
1784037779.9,25251,32624,2006,207.0,68.0,2704.0
1784037781.0,25251,32624,2006,198.0,68.0,2740.0
1784037782.1,25251,32624,2006,256.0,68.0,2646.0
1784037783.2,25251,32624,2006,215.0,68.0,2531.0
1784037784.3,25251,32624,2006,217.0,67.0,2500.0
1784037785.4,25251,32624,2006,222.0,67.0,2542.0
1784037786.5,25267,32624,2022,210.0,67.0,2460.0
1784037787.6,25267,32624,2022,212.0,67.0,2492.0
1784037788.7,25265,32624,2006,215.0,67.0,2512.0
1784037789.8,25265,32624,2006,221.0,67.0,2505.0
1784037790.9,25265,32624,2006,201.0,67.0,2485.0
1784037792.0,25265,32624,2006,198.0,67.0,2513.0
1784037793.1,25265,32624,2006,202.0,67.0,2493.0
1784037794.2,25265,32624,2006,218.0,67.0,2432.0
1784037795.2,25265,32624,2006,204.0,67.0,2390.0
1784037796.3,25265,32624,2006,177.0,66.0,2491.0
1784037797.4,25265,32624,2006,189.0,66.0,2393.0
1784037798.5,25265,32624,2006,209.0,66.0,2519.0
1784037799.6,25269,32624,2006,195.0,66.0,2534.0
1784037800.7,25269,32624,2006,189.0,66.0,2523.0
1784037801.8,25269,32624,2006,193.0,67.0,2610.0
1784037802.9,25269,32624,2006,203.0,66.0,2565.0
1784037804.0,25258,32624,2006,232.0,66.0,2522.0
1784037805.1,25258,32624,2006,226.0,66.0,2651.0
1784037806.2,25258,32624,2006,237.0,66.0,2616.0
1784037807.3,25258,32624,2006,223.0,66.0,2549.0
1784037808.3,25258,32624,1995,198.0,66.0,2485.0
1784037809.4,25258,32624,1995,194.0,66.0,2456.0
1784037810.5,25258,32624,1995,213.0,66.0,2500.0
1784037811.6,25258,32624,1995,215.0,66.0,2538.0
1784037812.7,25258,32624,1995,209.0,66.0,2495.0
1784037813.8,25258,32624,1995,234.0,66.0,2586.0
1784037814.9,25258,32624,1995,214.0,67.0,2539.0
1784037816.0,25258,32624,1995,209.0,67.0,2507.0
1784037817.1,25258,32624,1995,212.0,67.0,2571.0
1784037818.2,25258,32624,1995,207.0,67.0,2580.0
1784037819.3,25258,32624,1995,241.0,67.0,2687.0
1784037820.4,25253,32624,1995,222.0,67.0,2563.0
1784037821.5,25252,32624,1995,211.0,67.0,2479.0
1784037822.6,25264,32624,2001,213.0,67.0,2522.0
1784037823.7,25341,32624,2011,221.0,67.0,2503.0
1784037824.7,25341,32624,2011,199.0,67.0,2508.0
1784037825.8,25341,32624,2009,208.0,67.0,2417.0
1784037826.9,25330,32624,1995,218.0,67.0,2529.0
1784037828.0,25341,32624,2003,227.0,67.0,2579.0
1784037829.1,25341,32624,2003,214.0,67.0,2481.0
1784037830.2,25341,32624,1999,210.0,67.0,2451.0
1784037831.3,25340,32624,1999,216.0,67.0,2595.0
1784037832.4,25340,32624,1999,254.0,67.0,2597.0
1784037833.5,25331,32624,1999,272.0,67.0,2572.0
1784037834.6,25331,32624,1999,176.0,68.0,2542.0
1784037835.7,25331,32624,1997,186.0,68.0,2598.0
1784037836.8,25331,32624,1997,182.0,68.0,2628.0
1784037837.9,25331,32624,1997,223.0,68.0,2542.0
1784037839.0,25323,32624,1997,179.0,68.0,2527.0
1784037840.1,25323,32624,1997,214.0,68.0,2599.0
1784037841.1,25323,32624,1997,159.0,68.0,2350.0
1784037842.2,25323,32624,1997,229.0,68.0,2491.0
1784037843.3,25323,32624,1997,190.0,68.0,2409.0
1784037844.4,25323,32624,1997,209.0,68.0,2498.0
1784037845.5,25323,32624,1997,210.0,68.0,2453.0
1784037846.6,25323,32624,1997,214.0,68.0,2505.0
1784037847.7,25323,32624,1997,207.0,68.0,2517.0
1784037848.8,25323,32624,1997,196.0,68.0,2464.0
1784037849.9,25323,32624,1997,210.0,68.0,2550.0
1784037851.0,25323,32624,1997,217.0,68.0,2511.0
1784037852.1,25329,32624,2001,204.0,68.0,2450.0
1784037853.2,25329,32624,2003,216.0,68.0,2505.0
1784037854.3,25328,32624,2003,223.0,68.0,2555.0
1784037855.4,25328,32624,1995,205.0,68.0,2530.0
1784037856.4,25328,32624,1995,192.0,68.0,2432.0
1784037857.5,25322,32624,1995,222.0,68.0,2492.0
1784037858.6,25320,32624,1995,205.0,68.0,2511.0
1784037859.7,25320,32624,1995,203.0,68.0,2516.0
1784037860.8,25320,32624,1995,202.0,68.0,2482.0
1784037861.9,25320,32624,1995,213.0,68.0,2489.0
1784037863.0,25320,32624,1995,199.0,68.0,2460.0
1784037864.1,25319,32624,2013,196.0,68.0,2485.0
1784037865.2,25357,32624,2019,207.0,68.0,2548.0
1784037866.3,25365,32624,2003,203.0,67.0,2747.0
1784037867.4,25366,32624,1999,213.0,68.0,2792.0
1784037868.5,25366,32624,1995,215.0,68.0,2782.0
1784037869.6,25364,32624,1997,211.0,68.0,2764.0
1784037870.7,25364,32624,1997,209.0,68.0,2728.0
1784037871.8,25335,32624,2009,206.0,68.0,2684.0
1784037872.8,25342,32624,2009,212.0,68.0,2738.0
1784037873.9,25342,32624,1999,213.0,68.0,2736.0
1784037875.0,25338,32624,1999,242.0,68.0,2469.0
1784037876.1,25324,32624,1997,199.0,68.0,2444.0
1784037877.2,25324,32624,1997,200.0,68.0,2492.0
1784037878.3,25321,32624,1997,221.0,67.0,2515.0
1784037879.4,25368,32624,1999,203.0,67.0,2472.0
1784037880.5,25369,32624,1995,212.0,67.0,2509.0
1784037881.6,25372,32624,1997,202.0,67.0,2475.0
1784037882.7,25384,32624,2035,207.0,67.0,2505.0
1784037883.8,25339,32624,2003,201.0,67.0,2470.0
1784037884.9,25339,32624,2003,210.0,67.0,2508.0
1784037886.0,25343,32624,2015,206.0,67.0,2457.0
1784037887.1,25344,32624,2001,210.0,67.0,2516.0
1784037888.1,25344,32624,1999,236.0,67.0,2510.0
1784037889.2,25335,32624,1999,220.0,67.0,2490.0
1784037890.3,25306,32624,1999,208.0,67.0,2515.0
1784037891.4,25306,32624,1999,203.0,66.0,2517.0
1784037892.5,25306,32624,1999,201.0,66.0,2461.0
1784037893.6,25306,32624,1999,216.0,67.0,2539.0
1784037894.7,25295,32624,1999,187.0,67.0,2297.0
1784037895.8,25295,32624,1999,185.0,67.0,2294.0
1784037896.9,25295,32624,1999,196.0,67.0,2526.0
1784037898.0,25320,32624,2011,152.0,67.0,2290.0
1784037899.1,25320,32624,2011,202.0,67.0,2516.0
1784037900.2,25320,32624,2007,222.0,66.0,2664.0
1784037901.3,25320,32624,2007,194.0,66.0,2481.0
1784037902.4,25320,32624,2007,177.0,66.0,2558.0
1784037903.4,25348,32624,2011,181.0,66.0,2556.0
1784037904.5,25348,32624,2011,222.0,67.0,2638.0
1784037905.7,25364,32624,2001,179.0,67.0,2706.0
1784037906.7,25331,32624,2023,194.0,66.0,2552.0
1784037907.8,25349,32624,2015,163.0,67.0,2574.0
1784037908.9,25348,32624,1999,221.0,67.0,2565.0
1784037910.0,25334,32624,1999,249.0,67.0,2666.0
1784037911.1,25332,32624,1997,218.0,67.0,2695.0
1784037912.2,25323,32624,1995,208.0,67.0,2574.0
1784037913.3,25322,32624,1995,211.0,67.0,2515.0
1784037914.4,25349,32624,2017,266.0,67.0,2747.0
1784037915.5,25409,32624,2021,189.0,67.0,2608.0
1784037916.6,25389,32624,1999,247.0,67.0,2646.0
1784037917.7,25381,32624,1997,195.0,67.0,2611.0
1784037918.8,25373,32624,1997,213.0,67.0,2613.0
1784037919.9,25353,32624,1995,202.0,67.0,2611.0
1784037921.0,25305,32624,1995,223.0,67.0,2608.0
1784037922.1,25318,32624,2003,196.0,67.0,2566.0
1784037923.2,25318,32624,2003,193.0,67.0,2541.0
1784037924.3,25318,32624,1997,190.0,67.0,2601.0
1784037925.4,25318,32624,2001,207.0,67.0,2596.0
1784037926.5,25318,32624,2001,217.0,67.0,2623.0
1784037927.6,25308,32624,1997,217.0,67.0,2609.0
1784037928.7,25308,32624,1997,199.0,67.0,2556.0
1784037929.8,25308,32624,1997,207.0,67.0,2584.0
1784037930.8,25297,32624,1997,188.0,67.0,2518.0
1784037931.9,25293,32624,1997,186.0,68.0,2439.0
1784037933.0,25293,32624,1997,173.0,68.0,2448.0
1784037934.1,25293,32624,1997,207.0,68.0,2407.0
1784037935.2,25293,32624,1997,199.0,68.0,2436.0
1784037936.3,25293,32624,1997,218.0,68.0,2534.0
1784037937.4,25293,32624,1997,213.0,68.0,2515.0
1784037938.5,25293,32624,1995,212.0,68.0,2497.0
1784037939.6,25293,32624,1995,210.0,68.0,2539.0
1784037940.7,25293,32624,1995,217.0,68.0,2482.0
1784037941.8,25293,32624,1995,201.0,68.0,2492.0
1784037942.9,25293,32624,1995,204.0,68.0,2499.0
1784037944.0,25293,32624,1995,208.0,68.0,2503.0
1784037945.0,25293,32624,1995,217.0,68.0,2601.0
1784037946.1,25293,32624,1995,238.0,68.0,2574.0
1784037947.2,25293,32624,1995,209.0,68.0,2435.0
1784037948.3,25293,32624,1995,201.0,68.0,2524.0
1784037949.4,25293,32624,1995,189.0,68.0,2589.0
1784037950.5,25293,32624,1995,184.0,68.0,2485.0
1784037951.6,25293,32624,1995,181.0,68.0,2555.0
1784037952.7,25293,32624,1995,194.0,68.0,2493.0
1784037953.8,25293,32624,1995,214.0,68.0,2513.0
1784037954.9,25293,32624,1995,217.0,68.0,2526.0
1784037956.0,25293,32624,1997,204.0,68.0,2484.0
1784037957.1,25293,32624,1997,216.0,68.0,2526.0
1784037958.2,25293,32624,1997,198.0,68.0,2476.0
1784037959.3,25295,32624,1997,212.0,68.0,2555.0
1784037960.3,25297,32624,1997,206.0,68.0,2478.0
1784037961.4,25303,32624,1997,50.0,66.0,1554.0
1784037962.5,25303,32624,1997,211.0,68.0,2722.0
1784037963.6,25304,32624,1999,218.0,68.0,2718.0
1784037964.7,25303,32624,2001,205.0,68.0,2350.0
1784037965.8,25303,32624,2001,212.0,68.0,2379.0
1784037966.9,25303,32624,1999,209.0,68.0,2762.0
1784037968.0,25299,32624,1999,210.0,68.0,2790.0
1784037969.1,25299,32624,1999,209.0,68.0,2703.0
1784037970.2,25299,32624,1999,208.0,68.0,2709.0
1784037971.3,25299,32624,1999,221.0,68.0,2560.0
1784037972.4,25299,32624,1999,207.0,68.0,2520.0
1784037973.5,25295,32624,1999,213.0,68.0,2499.0
1784037974.6,25296,32624,1997,232.0,68.0,2551.0
1784037975.7,25315,32624,2005,203.0,67.0,2493.0
1784037976.8,25315,32624,2015,201.0,67.0,2472.0
1784037977.9,25315,32624,1999,193.0,67.0,2435.0
1784037979.0,25295,32624,1995,225.0,67.0,2491.0
1784037980.0,25289,32624,1995,217.0,67.0,2534.0
1784037981.1,25311,32624,2013,195.0,67.0,2448.0
1784037982.2,25289,32624,1999,189.0,67.0,2384.0
1784037983.3,25289,32624,2011,210.0,67.0,2522.0
1784037984.4,25275,32624,1993,220.0,67.0,2472.0
1784037985.5,25302,32624,2005,215.0,67.0,2455.0
1784037986.6,25258,32624,2017,202.0,67.0,2424.0
1784037987.7,25203,32624,1997,225.0,67.0,2498.0
1784037988.8,25295,32624,2001,230.0,67.0,2547.0
1784037989.9,25283,32624,1999,238.0,66.0,2480.0
1784037991.0,25279,32624,1997,212.0,67.0,2523.0
1784037992.1,25281,32624,2013,221.0,66.0,2394.0
1784037993.2,25282,32624,2013,208.0,67.0,2495.0
1784037994.3,25282,32624,1993,192.0,67.0,2527.0
1784037995.4,25271,32624,1993,199.0,67.0,2551.0
1784037996.5,25263,32624,1993,212.0,66.0,2582.0
1784037997.6,25263,32624,1993,214.0,67.0,2566.0
1784037998.7,25244,32624,1993,211.0,67.0,2556.0
1784037999.8,25203,32624,1993,210.0,66.0,2570.0
1784038000.9,25203,32624,1993,170.0,66.0,2484.0
1784038002.0,25201,32624,1993,199.0,66.0,2534.0
1784038003.1,25200,32624,1993,179.0,67.0,2499.0
1784038004.2,25200,32624,1993,187.0,67.0,2527.0
1784038005.3,25199,32624,1993,159.0,67.0,2512.0
1784038006.3,25199,32624,1993,193.0,67.0,2416.0
1784038007.4,25199,32624,1993,169.0,67.0,2404.0
1784038008.5,25238,32624,2001,165.0,67.0,2594.0
1784038009.6,25304,32624,1995,184.0,67.0,2499.0
1784038010.7,25306,32624,2007,185.0,67.0,2478.0
1784038011.8,25280,32624,2013,216.0,67.0,2508.0
1784038012.9,25236,32624,1997,228.0,67.0,2456.0
1784038014.0,25234,32624,1995,225.0,67.0,2543.0
1784038015.1,25233,32624,1995,209.0,67.0,2504.0
1784038016.2,25233,32624,1999,232.0,67.0,2476.0
1784038017.3,25251,32624,2005,226.0,67.0,2475.0
1784038018.4,25243,32624,1997,161.0,67.0,2299.0
1784038019.5,25250,32624,2001,232.0,67.0,2409.0
1784038020.6,25249,32624,1997,239.0,67.0,2528.0
1784038021.7,25236,32624,1995,205.0,67.0,2428.0
1784038022.8,25240,32624,1997,216.0,68.0,2543.0
1784038023.9,25234,32624,1995,214.0,68.0,2512.0
1784038025.0,25231,32624,1995,210.0,68.0,2503.0
1784038026.1,25231,32624,1997,205.0,68.0,2518.0
1784038027.2,25235,32624,2001,212.0,68.0,2527.0
1784038028.3,25242,32624,2003,208.0,68.0,2492.0
1784038029.4,25242,32624,2003,225.0,68.0,2501.0
1784038030.4,25242,32624,1999,217.0,68.0,2560.0
1784038031.5,25242,32624,1999,198.0,68.0,2503.0
1784038032.6,25241,32624,1999,217.0,68.0,2552.0
1784038033.7,25227,32624,1997,214.0,68.0,2466.0
1784038034.8,25231,32624,1997,220.0,68.0,2529.0
1784038035.9,25231,32624,1995,224.0,68.0,2537.0
1784038037.0,25223,32624,2011,225.0,68.0,2483.0
1784038038.1,25221,32624,2011,206.0,68.0,2553.0
1784038039.2,25221,32624,1997,172.0,68.0,2481.0
1784038040.3,25224,32624,1999,207.0,68.0,2437.0
1784038041.4,25226,32624,2001,208.0,68.0,2477.0
1784038042.5,25274,32624,2001,213.0,68.0,2471.0
1784038043.6,25277,32624,2013,218.0,68.0,2520.0
1784038044.7,25295,32624,2027,32.0,67.0,0.0
1784038045.8,25279,32624,2017,197.0,67.0,2226.0
1784038046.9,25287,32624,2017,157.0,68.0,2242.0
1784038048.0,25335,32624,2013,204.0,68.0,2785.0
1784038049.1,25316,32624,1999,201.0,68.0,2742.0
1784038050.2,25314,32624,2003,210.0,68.0,2770.0
1784038051.2,25314,32624,2032,210.0,68.0,2717.0
1784038052.3,25314,32624,2032,216.0,68.0,2770.0
1784038053.4,25310,32624,2032,238.0,68.0,2227.0
1784038054.5,25283,32624,2001,313.0,68.0,3191.0
1784038055.6,25276,32624,2001,240.0,68.0,2501.0
1784038056.7,25277,32624,2003,199.0,67.0,2402.0
1784038057.8,25277,32624,2001,207.0,67.0,2459.0
1784038058.9,25275,32624,1999,201.0,67.0,2350.0
1784038060.0,25275,32624,1999,213.0,67.0,2460.0
1784038061.1,25275,32624,1999,219.0,67.0,2414.0
1784038062.2,25275,32624,1999,236.0,67.0,2498.0
1784038063.3,25275,32624,1999,214.0,67.0,2407.0
1784038064.4,25275,32624,1999,194.0,67.0,2350.0
1784038065.4,25275,32624,1999,213.0,67.0,2575.0
1784038066.5,25275,32624,1999,206.0,67.0,2573.0
1784038067.6,25275,32624,1999,203.0,67.0,2557.0
1784038068.7,25275,32624,1999,205.0,66.0,2579.0
1784038069.8,25275,32624,1999,194.0,66.0,2583.0
1784038070.9,25275,32624,1999,186.0,66.0,2566.0
1784038072.0,25275,32624,1999,208.0,66.0,2602.0
1784038073.1,25275,32624,1999,199.0,66.0,2482.0
1784038074.2,25275,32624,1999,254.0,66.0,2784.0
1784038075.3,25275,32624,1999,218.0,66.0,2492.0
1784038076.4,25275,32624,1999,212.0,66.0,2521.0
1784038077.5,25275,32624,1999,223.0,66.0,2513.0
1784038078.6,25275,32624,1997,211.0,66.0,2546.0
1784038079.7,25275,32624,1997,225.0,66.0,2563.0
1784038080.7,25275,32624,2001,205.0,66.0,2495.0
1784038081.8,25275,32624,2001,221.0,66.0,2541.0
1784038082.9,25275,32624,2001,216.0,67.0,2432.0
1784038084.0,25275,32624,2001,226.0,67.0,2500.0
1784038085.1,25275,32624,2001,197.0,67.0,2466.0
1784038086.2,25284,32624,2015,207.0,67.0,2519.0
1784038087.3,25284,32624,2015,222.0,67.0,2538.0
1784038088.4,25284,32624,2009,208.0,67.0,2485.0
1784038089.5,25274,32624,2011,200.0,67.0,2415.0
1784038090.6,25274,32624,1997,210.0,67.0,2493.0
1784038091.7,25266,32624,1995,209.0,67.0,2513.0
1784038092.8,25267,32624,1997,229.0,67.0,2578.0
1784038093.9,25267,32624,1997,205.0,67.0,2557.0
1784038094.9,25284,32624,2011,215.0,67.0,2546.0
1784038096.0,25284,32624,1997,188.0,67.0,2401.0
1784038097.1,25284,32624,2010,225.0,67.0,2529.0
1784038098.2,25284,32624,2010,222.0,67.0,2539.0
1784038099.3,25271,32624,2008,216.0,67.0,2538.0
1784038100.4,25271,32624,1995,209.0,67.0,2558.0
1784038101.5,25271,32624,1995,227.0,67.0,2532.0
1784038102.6,25267,32624,1995,208.0,67.0,2554.0
1784038103.7,25267,32624,1995,207.0,67.0,2487.0
1784038104.8,25267,32624,1995,217.0,67.0,2543.0
1784038105.9,25267,32624,1995,208.0,67.0,2524.0
1784038107.0,25267,32624,1995,213.0,67.0,2529.0
1784038108.1,25267,32624,1995,195.0,67.0,2463.0
1784038109.1,25267,32624,1995,211.0,67.0,2455.0
1784038110.2,25267,32624,1995,200.0,68.0,2485.0
1784038111.3,25267,32624,1995,218.0,68.0,2569.0
1784038112.4,25267,32624,1995,206.0,67.0,2465.0
1784038113.5,25267,32624,1995,206.0,67.0,2485.0
1784038114.6,25267,32624,1995,237.0,68.0,2594.0
1784038115.7,25267,32624,1995,258.0,68.0,2653.0
1784038116.8,25267,32624,1995,178.0,68.0,2589.0
1784038117.9,25267,32624,1995,216.0,68.0,2574.0
1784038119.0,25267,32624,1995,176.0,68.0,2350.0
1784038120.1,25267,32624,1995,196.0,68.0,2381.0
1784038121.1,25267,32624,1995,233.0,68.0,2538.0
1784038122.2,25267,32624,1995,201.0,68.0,2445.0
1784038123.3,25267,32624,1995,211.0,68.0,2447.0
1784038124.4,25267,32624,1995,208.0,68.0,2512.0
1784038125.5,25267,32624,1995,201.0,68.0,2466.0
1784038126.6,25267,32624,1995,212.0,68.0,2552.0
1784038127.7,25267,32624,1995,215.0,68.0,2518.0
1784038128.8,25267,32624,1995,212.0,68.0,2525.0
1784038129.9,25267,32624,1995,220.0,68.0,2530.0
1784038131.0,25267,32624,1995,226.0,68.0,2629.0
1784038132.1,25267,32624,2008,98.0,68.0,2846.0
1784038133.2,25267,32624,1995,204.0,67.0,2255.0
1784038134.3,25267,32624,1995,385.0,68.0,3030.0
1784038135.3,25267,32624,1995,203.0,68.0,2774.0
1784038136.4,25267,32624,1995,210.0,68.0,2784.0
1784038137.5,25267,32624,1995,214.0,68.0,2720.0
1784038138.6,25267,32624,1995,209.0,68.0,2698.0
1784038139.7,25267,32624,1995,220.0,68.0,2769.0
1784038140.8,25267,32624,2010,219.0,68.0,2350.0
1784038141.9,25267,32624,2010,155.0,68.0,2901.0
1784038143.0,25267,32624,1997,191.0,68.0,2526.0
1784038144.1,25267,32624,1997,193.0,67.0,2447.0
1784038145.2,25267,32624,1993,184.0,67.0,2490.0
1784038146.3,25280,32624,2013,178.0,67.0,2425.0
1784038147.4,25334,32624,2019,189.0,67.0,2401.0
1784038148.5,25312,32624,1997,183.0,67.0,2702.0
1784038149.6,25312,32624,2015,193.0,67.0,2548.0
1784038150.7,25306,32624,2015,219.0,67.0,2611.0
1784038151.8,25312,32624,2015,221.0,67.0,2557.0
1784038152.9,25336,32624,2015,211.0,66.0,2463.0
1784038154.0,25338,32624,2015,207.0,67.0,2523.0
1784038155.1,25393,32624,2005,224.0,66.0,2553.0
1784038156.2,25516,32624,2007,204.0,67.0,2520.0
1784038157.3,25505,32624,1991,214.0,66.0,2576.0
1784038158.4,25429,32624,1995,214.0,66.0,2552.0
1784038159.5,25429,32624,1995,200.0,66.0,2490.0
1784038160.6,25362,32624,1995,202.0,66.0,2529.0
1784038161.7,25340,32624,2013,211.0,66.0,2443.0
1784038162.7,25322,32624,2011,208.0,66.0,2446.0
1784038163.8,25322,32624,1991,215.0,66.0,2518.0
1784038164.9,25322,32624,1991,201.0,66.0,2507.0
1784038166.0,25321,32624,1991,202.0,66.0,2408.0
1784038167.1,25321,32624,1991,212.0,66.0,2476.0
1784038168.2,25317,32624,1991,219.0,66.0,2527.0
1784038169.3,25317,32624,1991,212.0,66.0,2543.0
1784038170.4,25317,32624,1991,210.0,66.0,2444.0
1784038171.5,25314,32624,1991,206.0,66.0,2478.0
1784038172.6,25314,32624,1991,210.0,66.0,2543.0
1784038173.7,25319,32624,1993,215.0,66.0,2515.0
1784038174.8,25337,32624,1997,226.0,66.0,2502.0
1784038175.9,25337,32624,1997,201.0,66.0,2434.0
1784038176.9,25337,32624,1991,213.0,66.0,2444.0
1784038178.0,25337,32624,1991,216.0,66.0,2428.0
1784038179.1,25334,32624,1991,197.0,66.0,2439.0
1784038180.2,25330,32624,1991,179.0,66.0,2350.0
1784038181.3,25324,32624,1993,168.0,66.0,2350.0
1784038182.4,25339,32624,1997,204.0,66.0,2584.0
1784038183.5,25349,32624,1997,215.0,67.0,2658.0
1784038184.6,25349,32624,1997,180.0,67.0,2571.0
1784038185.7,25349,32624,1995,180.0,67.0,2640.0
1784038186.8,25371,32624,2007,236.0,67.0,2651.0
1784038187.9,25369,32624,1995,190.0,67.0,2602.0
1784038189.0,25369,32624,1993,200.0,67.0,2576.0
1784038190.1,25369,32624,1993,201.0,67.0,2491.0
1784038191.2,25356,32624,1991,190.0,67.0,2499.0
1784038192.3,25351,32624,1995,202.0,67.0,2525.0
1784038193.4,25340,32624,2001,216.0,67.0,2619.0
1784038194.5,25409,32624,2019,205.0,67.0,2580.0
1784038195.6,25338,32624,2011,180.0,67.0,2491.0
1784038196.7,25341,32624,2009,207.0,67.0,2415.0
1784038197.8,25339,32624,2009,211.0,67.0,2441.0
1784038198.9,25391,32624,2021,208.0,67.0,2525.0
1784038200.0,25390,32624,2021,208.0,67.0,2513.0
1784038201.1,25389,32624,1995,188.0,67.0,2392.0
1784038202.2,25389,32624,1995,215.0,67.0,2543.0
1784038203.2,25389,32624,1995,209.0,67.0,2473.0
1784038204.3,25376,32624,1995,211.0,67.0,2527.0
1784038205.4,25376,32624,1995,213.0,67.0,2548.0
1784038206.5,25376,32624,1995,216.0,68.0,2517.0
1784038207.6,25368,32624,1997,217.0,68.0,2532.0
1784038208.7,25368,32624,1993,202.0,68.0,2457.0
1784038209.8,25373,32624,1997,226.0,68.0,2548.0
1784038210.9,25371,32624,2011,211.0,68.0,2507.0
1784038212.0,25381,32624,2011,218.0,68.0,2536.0
1784038213.1,25387,32624,2011,265.0,68.0,2623.0
1784038214.2,25387,32624,2011,212.0,68.0,2569.0
1784038215.3,25387,32624,1993,189.0,68.0,2555.0
1784038216.4,25387,32624,1993,210.0,68.0,2392.0
1784038217.5,25387,32624,1993,201.0,68.0,2458.0
1784038218.6,25387,32624,1993,217.0,68.0,2501.0
1784038219.6,25387,32624,1993,202.0,68.0,2490.0
1784038220.7,25387,32624,1993,209.0,68.0,2512.0
1784038221.8,25387,32624,1993,212.0,68.0,2486.0
1784038222.9,25381,32624,1993,214.0,68.0,2517.0
1784038224.0,25381,32624,1993,205.0,68.0,2438.0
1784038225.1,25381,32624,1993,209.0,68.0,2584.0
1784038226.2,25381,32624,1993,184.0,68.0,2592.0
1784038227.3,25381,32624,1993,207.0,68.0,2438.0
1784038228.4,25353,32624,1993,229.0,68.0,2530.0
1784038229.5,25353,32624,1993,200.0,68.0,2462.0
1784038230.5,25353,32624,1993,218.0,68.0,2461.0
1784038231.6,25353,32624,1993,204.0,68.0,2480.0
1784038232.7,25345,32624,1993,214.0,68.0,2526.0
1784038233.8,25345,32624,1993,207.0,68.0,2510.0
1784038234.9,25345,32624,1993,207.0,68.0,2514.0
1784038236.0,25345,32624,1993,209.0,68.0,2607.0
1784038237.1,25345,32624,1993,214.0,68.0,2582.0
1784038238.2,25343,32624,1993,223.0,68.0,2521.0
1784038239.3,25343,32624,1993,206.0,68.0,2491.0
1784038240.4,25345,32624,1995,194.0,68.0,2441.0
1784038241.5,25341,32624,1993,196.0,68.0,2446.0
1784038242.6,25341,32624,1993,212.0,68.0,2546.0
1784038243.7,25356,32624,1993,185.0,68.0,2518.0
1784038244.8,25378,32624,2001,219.0,68.0,2560.0
1784038245.9,25389,32624,1999,234.0,68.0,2651.0
1784038247.0,25416,32624,2001,192.0,68.0,2668.0
1784038248.1,25417,32624,1999,181.0,68.0,2427.0
1784038249.2,25402,32624,1999,210.0,68.0,2406.0
1784038250.3,25351,32624,2009,213.0,68.0,2529.0
1784038251.4,25352,32624,2003,196.0,68.0,2434.0
1784038252.5,25344,32624,1997,112.0,67.0,1761.0
1784038253.6,25340,32624,1991,152.0,68.0,2257.0
1784038254.7,25345,32624,2009,194.0,68.0,2760.0
1784038255.8,25345,32624,2009,209.0,68.0,2780.0
1784038256.9,25345,32624,1997,210.0,68.0,2782.0
1784038257.9,25345,32624,1993,209.0,68.0,2718.0
1784038259.0,25343,32624,1993,204.0,68.0,2681.0
1784038260.1,25339,32624,1993,220.0,68.0,2269.0
1784038261.2,25338,32624,1993,215.0,68.0,2313.0
1784038262.3,25304,32624,1991,212.0,68.0,2536.0
1784038263.4,25301,32624,1989,235.0,68.0,2492.0
1784038264.5,25305,32624,1991,229.0,68.0,2561.0
1784038265.6,25322,32624,1995,223.0,68.0,2464.0
1784038266.7,25327,32624,2003,200.0,68.0,2475.0
1784038267.8,25353,32624,2003,213.0,67.0,2525.0
1784038268.9,25355,32624,1997,218.0,67.0,2551.0
1784038270.0,25356,32624,1995,216.0,67.0,2537.0
1784038271.1,25340,32624,1993,211.0,67.0,2495.0
1784038272.1,25339,32624,1993,231.0,67.0,2540.0
1784038273.2,25339,32624,1993,210.0,67.0,2506.0
1784038274.3,25333,32624,1993,187.0,67.0,2481.0
1784038275.4,25333,32624,1993,214.0,67.0,2496.0
1784038276.5,25319,32624,1993,203.0,67.0,2472.0
1784038277.6,25319,32624,1993,219.0,67.0,2504.0
1784038278.7,25319,32624,1993,195.0,67.0,2450.0
1784038279.8,25319,32624,1993,213.0,67.0,2453.0
1784038280.9,25324,32624,1995,201.0,67.0,2498.0
1784038282.0,25335,32624,1995,209.0,67.0,2441.0
1784038283.1,25335,32624,1995,215.0,67.0,2459.0
1784038284.2,25335,32624,1995,209.0,67.0,2536.0
1784038285.3,25335,32624,1995,198.0,67.0,2523.0
1784038286.4,25326,32624,1995,201.0,67.0,2450.0
1784038287.4,25326,32624,1995,202.0,67.0,2567.0
1784038288.5,25326,32624,1995,196.0,67.0,2445.0
1784038289.6,25326,32624,1995,202.0,67.0,2563.0
1784038290.7,25318,32624,1995,258.0,67.0,2524.0
1784038291.8,25318,32624,1995,203.0,67.0,2453.0
1784038292.9,25318,32624,1995,205.0,67.0,2477.0
1784038294.0,25318,32624,1995,218.0,67.0,2441.0
1784038295.1,25325,32624,1995,246.0,67.0,2486.0
1784038296.2,25329,32624,1995,209.0,67.0,2457.0
1784038297.3,25329,32624,1995,209.0,67.0,2492.0
1784038298.4,25327,32624,1993,191.0,67.0,2502.0
1784038299.5,25327,32624,1993,201.0,67.0,2564.0
1784038300.6,25317,32624,1993,214.0,67.0,2454.0
1784038301.6,25387,32624,2022,202.0,67.0,2421.0
1784038302.7,25410,32624,2022,208.0,67.0,2492.0
1784038303.8,25410,32624,1993,202.0,67.0,2350.0
1784038304.9,25410,32624,1993,212.0,67.0,2407.0
1784038306.0,25410,32624,1993,228.0,67.0,2511.0
1784038307.1,25410,32624,1993,218.0,67.0,2514.0
1784038308.2,25377,32624,1993,218.0,67.0,2470.0
1784038309.3,25377,32624,1993,199.0,67.0,2445.0
1784038310.4,25377,32624,1993,211.0,67.0,2533.0
1784038311.5,25377,32624,1993,213.0,67.0,2497.0
1784038312.6,25377,32624,1993,206.0,67.0,2542.0
1784038313.7,25377,32624,1993,220.0,67.0,2532.0
1784038314.7,25377,32624,1993,196.0,67.0,2508.0
1784038315.8,25377,32624,1993,199.0,68.0,2475.0
1784038316.9,25377,32624,1993,207.0,68.0,2529.0
1784038318.0,25377,32624,1993,215.0,68.0,2521.0
1784038319.1,25377,32624,1993,207.0,68.0,2431.0
1784038320.2,25377,32624,1993,200.0,68.0,2502.0
1784038321.3,25351,32624,1995,221.0,68.0,2507.0
1784038322.4,25414,32624,2015,196.0,68.0,2469.0
1784038323.5,25414,32624,2001,210.0,68.0,2531.0
1784038324.6,25414,32624,1997,194.0,68.0,2485.0
1784038325.7,25382,32624,1993,221.0,68.0,2547.0
1784038326.8,25382,32624,1993,221.0,68.0,2638.0
1784038327.9,25382,32624,1993,240.0,68.0,2560.0
1784038329.0,25373,32624,1993,200.0,68.0,2574.0
1784038330.0,25366,32624,1993,184.0,68.0,2350.0
1784038331.1,25331,32624,1993,199.0,68.0,2415.0
1784038332.2,25331,32624,1993,196.0,68.0,2424.0
1784038333.3,25338,32624,1995,213.0,68.0,2459.0
1784038334.4,25338,32624,1995,219.0,68.0,2489.0
1784038335.5,25338,32624,1995,209.0,68.0,2523.0
1784038336.6,25338,32624,1995,201.0,68.0,2505.0
1784038337.7,25344,32624,1995,207.0,68.0,2548.0
1784038338.8,25344,32624,1995,226.0,68.0,2578.0
1784038339.9,25333,32624,1995,201.0,68.0,2438.0
1784038341.0,25333,32624,1995,211.0,68.0,2540.0
1784038342.1,25329,32624,1995,207.0,68.0,2565.0
1784038343.1,25329,32624,1995,156.0,68.0,2422.0
1784038344.2,25329,32624,1995,209.0,68.0,2481.0
1784038345.3,25301,32624,1995,217.0,68.0,2469.0
1784038346.4,25301,32624,1995,223.0,68.0,2491.0
1784038347.5,25301,32624,1995,208.0,68.0,2512.0
1784038348.6,25301,32624,1995,204.0,68.0,2463.0
1784038349.7,25301,32624,1995,209.0,68.0,2536.0
1784038350.8,25303,32624,1995,223.0,68.0,2558.0
1784038351.9,25303,32624,1995,231.0,68.0,2580.0
1784038353.0,25318,32624,1999,203.0,68.0,2622.0
1784038354.1,25318,32624,1999,194.0,68.0,2350.0
1784038355.2,25319,32624,1999,200.0,68.0,2434.0
1784038356.3,25319,32624,1999,205.0,68.0,2485.0
1784038357.3,25319,32624,1999,204.0,68.0,2461.0
1784038358.4,25305,32624,1995,216.0,68.0,2567.0
1784038359.5,25305,32624,1995,212.0,68.0,2456.0
1784038360.6,25300,32624,1995,219.0,68.0,2527.0
1784038361.7,25300,32624,1995,176.0,68.0,2571.0
1784038362.8,25300,32624,1995,206.0,68.0,2463.0
1784038363.9,25300,32624,1995,229.0,68.0,2482.0
1784038365.0,25300,32624,1995,208.0,68.0,2511.0
1784038366.1,25300,32624,1995,204.0,68.0,2484.0
1784038367.2,25316,32624,1995,209.0,68.0,2498.0
1784038368.3,25316,32624,1995,205.0,68.0,2505.0
1784038369.3,25313,32624,1995,238.0,68.0,2494.0
1784038370.4,25309,32624,1995,191.0,68.0,2585.0
1784038371.5,25309,32624,1995,193.0,68.0,2350.0
1784038372.6,25332,32624,2011,202.0,68.0,2531.0
1784038373.7,25338,32624,2001,213.0,68.0,2517.0
1784038374.8,25338,32624,2001,205.0,68.0,2470.0
# load_vram_used_mib=25601 peak_vram_used_mib=25880 peak_gtt_used_mib=2035 avg_power_w=207.7 peak_power_w=385.0 peak_temp_c=69.0 avg_sclk_mhz=2517.5 peak_sclk_mhz=3299.0 samples=1491
